"","거래일자","종목명","종가"
"1",20210104,"(주)마이크로컨텍솔루션",6320
"2",20210104,"(주)스카이이앤엠",1960
"3",20210104,"(주)포스코엠텍",4710
"4",20210104,"AJ네트웍스보통주",4580
"5",20210104,"AK홀딩스보통주",25250
"6",20210104,"BGF리테일보통주",132000
"7",20210104,"BGF보통주",4990
"8",20210104,"BNK금융지주보통주",5560
"9",20210104,"BYC보통주",287500
"10",20210104,"CJ보통주",92100
"11",20210104,"CJ씨푸드보통주",5070
"12",20210104,"CMG제약",5810
"13",20210104,"CS홀딩스보통주",59100
"14",20210104,"DB금융투자보통주",4675
"15",20210104,"DB손해보험보통주",42750
"16",20210104,"DB하이텍보통주",51100
"17",20210104,"DGB금융지주보통주",6660
"18",20210104,"DI동일보통주",155500
"19",20210125,"DL보통주",74600
"20",20210104,"DSR보통주",6470
"21",20210104,"DSR제강보통주",4885
"22",20210104,"E1보통주",43600
"23",20210104,"ESR켄달스퀘어리츠보통주",5250
"24",20210104,"F&F보통주",86700
"25",20210104,"GS건설보통주",38050
"26",20210104,"GS보통주",37800
"27",20210104,"HDC보통주",11000
"28",20210104,"HDC현대산업개발보통주",26300
"29",20210104,"IHQ보통주",1575
"30",20210104,"JB금융지주보통주",5480
"31",20210104,"JW생명과학보통주",20400
"32",20210104,"JW중외제약보통주",36200
"33",20210104,"JW홀딩스 보통주",5920
"34",20210104,"KB금융지주 보통주",42450
"35",20210104,"KB오토시스",7570
"36",20210104,"KCTC 보통주",3790
"37",20210104,"KD",1245
"38",20210104,"KG동부제철보통주",12150
"39",20210104,"KG케미칼보통주",25500
"40",20210104,"KISCO홀딩스보통주",14250
"41",20210104,"KPX케미칼보통주",53700
"42",20210104,"KPX홀딩스보통주",59300
"43",20210104,"KR모터스보통주",1150
"44",20210104,"LF보통주",14950
"45",20210104,"LG디스플레이보통주",19050
"46",20210104,"LG보통주",96900
"47",20210104,"LG상사보통주",26750
"48",20210104,"LG생활건강보통주",1612000
"49",20210104,"LG유플러스보통주",11850
"50",20210104,"LG이노텍보통주",192500
"51",20210104,"LG전자보통주",142000
"52",20210104,"LG화학보통주",889000
"53",20210104,"LIG넥스원보통주",30700
"54",20210104,"LS ELECTRIC보통주",65000
"55",20210104,"LS네트웍스보통주",2710
"56",20210104,"LS보통주",72500
"57",20210104,"MH에탄올보통주",8140
"58",20210104,"NAVER보통주",293000
"59",20210104,"NHN보통주",74000
"60",20210104,"NH프라임리츠보통주",4265
"61",20210104,"NICE보통주",18900
"62",20210104,"NI스틸보통주",2560
"63",20210104,"NPC보통주",3315
"64",20210104,"OCI보통주",98500
"65",20210104,"S&TC 보통주",15750
"66",20210104,"S&T모티브보통주",55700
"67",20210104,"S&T중공업보통주",5900
"68",20210104,"S&T홀딩스보통주",15100
"69",20210104,"S-Oil보통주",70300
"70",20210104,"SBI핀테크솔루션즈",8010
"71",20210104,"SBS미디어홀딩스보통주",1875
"72",20210104,"SGC에너지보통주",42800
"73",20210104,"SH에너지화학보통주",1085
"74",20210104,"SIMPAC보통주",2455
"75",20210104,"SJM보통주",3385
"76",20210104,"SJM홀딩스보통주",3145
"77",20210104,"SKC보통주",101500
"78",20210104,"SK가스보통주",103000
"79",20210104,"SK네트웍스보통주",5040
"80",20210104,"SK디앤디보통주",44100
"81",20210104,"SK보통주",249500
"82",20210104,"SK이노베이션 보통주",231000
"83",20210104,"SK케미칼보통주",396000
"84",20210104,"SK텔레콤보통주",237000
"85",20210312,"SNT모티브보통주",64800
"86",20210312,"SNT에너지보통주",16300
"87",20210312,"SNT중공업보통주",7460
"88",20210312,"SNT홀딩스보통주",18400
"89",20210104,"SPC삼립보통주",70300
"90",20210104,"STX보통주",5690
"91",20210104,"STX엔진보통주",7300
"92",20210104,"STX중공업보통주",3975
"93",20210104,"TBH글로벌보통주",1750
"94",20210104,"TCC스틸보통주",5570
"95",20210104,"WISCOM보통주",2735
"96",20210104,"가비아",13200
"97",20210104,"가온미디어",6430
"98",20210104,"가온전선보통주",22050
"99",20210104,"감마누",2420
"100",20210104,"강남제비스코보통주",21600
"101",20210104,"강스템바이오텍",7750
"102",20210104,"강원랜드보통주",23350
"103",20210104,"갤럭시아머니트리",3660
"104",20210104,"갤럭시아에스엠보통주",1450
"105",20210104,"게임빌",37650
"106",20210104,"경남바이오파마",3600
"107",20210104,"경남스틸",1875
"108",20210104,"경남제약",8060
"109",20210104,"경농보통주",12200
"110",20210104,"경동나비엔보통주",51600
"111",20210104,"경동도시가스보통주",18500
"112",20210104,"경동인베스트보통주",31000
"113",20210104,"경동제약",10800
"114",20210104,"경방보통주",12300
"115",20210104,"경보제약보통주",16800
"116",20210104,"경인양행보통주",7210
"117",20210104,"경인전자보통주",32550
"118",20210104,"경창산업",2945
"119",20210104,"계룡건설산업보통주",29150
"120",20210104,"계양전기보통주",4465
"121",20210104,"고려산업보통주",4700
"122",20210104,"고려시멘트",3065
"123",20210104,"고려신용정보",5770
"124",20210104,"고려아연보통주",401000
"125",20210104,"고려제강보통주",14700
"126",20210104,"고려제약",10150
"127",20210104,"고바이오랩",53500
"128",20210104,"고영테크놀러지",109500
"129",20210104,"골드퍼시픽",1435
"130",20210104,"골프존",68400
"131",20210104,"골프존뉴딘홀딩스",5440
"132",20210105,"골프존데카",1695
"133",20210104,"관악산업",6100
"134",20210104,"광동제약보통주",10150
"135",20210104,"광림",1680
"136",20210104,"광명전기보통주",2030
"137",20210104,"광전자보통주",2330
"138",20210104,"광주신세계보통주",153500
"139",20210104,"광진실업",4190
"140",20210104,"광진윈텍",4320
"141",20210104,"교보10호기업인수목적",2080
"142",20210104,"교보8호기업인수목적",4280
"143",20210104,"교보9호기업인수목적",2070
"144",20210104,"교보증권보통주",7520
"145",20210104,"교촌에프앤비보통주",19000
"146",20210104,"구영테크",1700
"147",20210104,"국도화학보통주",53500
"148",20210104,"국동보통주",4085
"149",20210104,"국보디자인",17600
"150",20210104,"국보보통주",1785
"151",20210104,"국순당",5550
"152",20210104,"국영지앤엠",2900
"153",20210104,"국일신동",3935
"154",20210104,"국일제지",5100
"155",20210104,"국전약품",9080
"156",20210104,"국제약품보통주",9940
"157",20210104,"굿센",13800
"158",20210104,"그랜드코리아레저보통주",16450
"159",20210104,"그리티",3035
"160",20210104,"그린케미칼보통주",10950
"161",20210104,"그린플러스",13650
"162",20210104,"극동유화보통주",3435
"163",20210104,"글로벌스탠다드테크놀로지",17300
"164",20210118,"글로벌에스엠테크리미티드",1030
"165",20210104,"글로벌텍스프리",3090
"166",20210104,"글로본",3975
"167",20210104,"글로스퍼랩스",9810
"168",20210104,"금강공업보통주",5530
"169",20210104,"금강철강",3550
"170",20210104,"금비보통주",76300
"171",20210104,"금양보통주",6730
"172",20210104,"금호산업보통주",8840
"173",20210104,"금호석유화학보통주",151000
"174",20210104,"금호에이치티보통주",2575
"175",20210104,"금호전기보통주",3225
"176",20210104,"금호타이어보통주",3710
"177",20210104,"금화피에스시",28050
"178",20210104,"기가레인",3050
"179",20210104,"기산텔레콤",2645
"180",20210104,"기신정기 보통주",3615
"181",20210104,"기아자동차보통주",64000
"182",20210104,"까뮤이앤씨보통주",3030
"183",20210104,"까스텔바작",10900
"184",20210104,"깨끗한나라보통주",4295
"185",20210104,"나노",1495
"186",20210104,"나노브릭",19200
"187",20210104,"나노스",3465
"188",20210104,"나노신소재",39300
"189",20210104,"나노엔텍",8670
"190",20210104,"나노캠텍",1990
"191",20210104,"나눔테크",2605
"192",20210104,"나라엠앤디",13300
"193",20210104,"나무가",21150
"194",20210104,"나무기술",3120
"195",20210104,"나스미디어",31400
"196",20210104,"나우아이비캐피탈",7330
"197",20210104,"나우코스",7230
"198",20210104,"나이벡",43650
"199",20210104,"나이스디앤비",9740
"200",20210104,"나이스정보통신",29650
"201",20210104,"나이스평가정보",24350
"202",20210104,"나인테크",4815
"203",20210104,"남광토건보통주",13450
"204",20210104,"남선알미늄보통주",4530
"205",20210104,"남성보통주",4305
"206",20210104,"남양유업보통주",282000
"207",20210104,"남해화학보통주",8420
"208",20210104,"남화산업",10700
"209",20210104,"남화토건",12500
"210",20210104,"네스엠",2860
"211",20210330,"네오리진",2250
"212",20210104,"네오셈",3900
"213",20210104,"네오오토",5260
"214",20210104,"네오위즈",22350
"215",20210104,"네오위즈홀딩스",16400
"216",20210104,"네오크레마",8800
"217",20210104,"네오티스",3930
"218",20210104,"네오팜",28400
"219",20210104,"네오펙트",3495
"220",20210104,"네온테크",2930
"221",20210104,"네이블커뮤니케이션즈",5400
"222",20210104,"네이처셀",10200
"223",20210104,"네추럴에프앤피",2305
"224",20210104,"네패스",43250
"225",20210104,"네패스아크",53500
"226",20210104,"넥센보통주",4530
"227",20210104,"넥센타이어보통주",6100
"228",20210104,"넥스턴",11850
"229",20210104,"넥스트비티",1640
"230",20210104,"넥스트사이언스보통주",5390
"231",20210104,"넥스트아이",1645
"232",20210104,"넥스트엔터테인먼트월드",7300
"233",20210104,"넥스틴",171000
"234",20210104,"넥슨지티",12950
"235",20210104,"넵튠",27400
"236",20210104,"넷게임즈",11500
"237",20210104,"넷마블보통주",131000
"238",20210104,"노드메이슨",11400
"239",20210104,"노랑풍선",23650
"240",20210104,"노루페인트 보통주",9730
"241",20210104,"노루홀딩스보통주",10900
"242",20210104,"노바렉스",38800
"243",20210104,"노바텍",40350
"244",20210104,"노브메타파마",25200
"245",20210104,"노터스",24850
"246",20210104,"녹십자랩셀",119700
"247",20210104,"녹십자보통주",475000
"248",20210104,"녹십자셀",60300
"249",20210104,"녹십자엠에스",16200
"250",20210104,"녹십자웰빙",14700
"251",20210104,"녹십자홀딩스보통주",53600
"252",20210104,"녹원씨엔아이",5200
"253",20210104,"농심보통주",296500
"254",20210104,"농심홀딩스보통주",77600
"255",20210104,"농업회사법인 아시아종묘",5720
"256",20210104,"농업회사법인농우바이오",10500
"257",20210104,"누리텔레콤",8530
"258",20210104,"누리플랜",6700
"259",20210104,"뉴로스",3220
"260",20210104,"뉴보텍",1560
"261",20210104,"뉴인텍",3140
"262",20210104,"뉴지랩",12900
"263",20210104,"뉴트리",24650
"264",20210104,"뉴파워프라즈마",6600
"265",20210104,"뉴프렉스",2365
"266",20210104,"다나와",30250
"267",20210104,"다날",4835
"268",20210104,"다믈멀티미디어",3600
"269",20210104,"다산네트웍스",13700
"270",20210104,"다스코보통주",5080
"271",20210104,"다우기술보통주",22450
"272",20210104,"다우데이타",12950
"273",20210104,"다원넥스뷰",19500
"274",20210104,"다원시스",21350
"275",20210104,"다이노나",4580
"276",20210104,"다이오진",2240
"277",20210104,"단디바이오사이언스",6390
"278",20210104,"대교보통주",3655
"279",20210104,"대구백화점보통주",8890
"280",20210104,"대덕보통주",6920
"281",20210104,"대덕전자보통주",12650
"282",20210104,"대동고려삼 주식회사",4025
"283",20210104,"대동공업보통주",7120
"284",20210104,"대동금속",9280
"285",20210104,"대동기어",3725
"286",20210104,"대동스틸",4895
"287",20210104,"대동전자보통주",4425
"288",20210104,"대륙제관",4640
"289",20210104,"대림B&Co보통주",6350
"290",20210104,"대림건설보통주",31200
"291",20210104,"대림제지",9770
"292",20210104,"대림통상보통주",3950
"293",20210104,"대명소노시즌",1235
"294",20210104,"대모엔지니어링",4565
"295",20210104,"대보마그네틱",38000
"296",20210104,"대봉엘에스",11400
"297",20210104,"대상보통주",25800
"298",20210104,"대상홀딩스 보통주",10150
"299",20210104,"대성미생물연구소",16400
"300",20210104,"대성산업보통주",3155
"301",20210104,"대성에너지보통주",5340
"302",20210104,"대성엘텍",1185
"303",20210104,"대성창업투자",1970
"304",20210104,"대성파인텍",2365
"305",20210104,"대성홀딩스보통주",25350
"306",20210104,"대신밸런스제7호기업인수목적",2145
"307",20210104,"대신밸런스제8호기업인수목적",2085
"308",20210104,"대신밸런스제9호기업인수목적",2090
"309",20210104,"대신정보통신",1900
"310",20210104,"대신증권보통주",12750
"311",20210104,"대아티아이",6020
"312",20210104,"대양금속보통주",3975
"313",20210104,"대양전기공업",16150
"314",20210104,"대양제지공업",3150
"315",20210104,"대영포장보통주",1610
"316",20210104,"대우건설보통주",5150
"317",20210104,"대우전자부품보통주",2800
"318",20210104,"대우조선해양보통주",27850
"319",20210104,"대웅보통주",53200
"320",20210104,"대웅제약보통주",172000
"321",20210104,"대원",9440
"322",20210104,"대원강업보통주",3895
"323",20210104,"대원미디어",9160
"324",20210104,"대원산업",5570
"325",20210104,"대원전선보통주",1400
"326",20210104,"대원제약보통주",19250
"327",20210104,"대원화성보통주",1770
"328",20210104,"대유",12700
"329",20210121,"대유에이텍",1255
"330",20210104,"대유에이피",7560
"331",20210104,"대정화금",37050
"332",20210104,"대주산업",2195
"333",20210104,"대주이엔티 주식회사",1385
"334",20210104,"대주전자재료",47650
"335",20210104,"대창단조보통주",6830
"336",20210104,"대창보통주",1600
"337",20210104,"대창스틸",2570
"338",20210104,"대한과학",21600
"339",20210104,"대한광통신",3925
"340",20210104,"대한그린파워",1045
"341",20210104,"대한뉴팜",12600
"342",20210104,"대한방직보통주",39800
"343",20210104,"대한약품공업",32350
"344",20210104,"대한유화보통주",234000
"345",20210104,"대한전선보통주",1385
"346",20210104,"대한제강 보통주",10700
"347",20210104,"대한제당보통주",22500
"348",20210104,"대한제분보통주",163000
"349",20210104,"대한항공보통주",27650
"350",20210104,"대한해운보통주",3175
"351",20210104,"대한화섬보통주",103500
"352",20210104,"대현보통주",1845
"353",20210104,"대호에이엘보통주",2600
"354",20210104,"대화제약",15300
"355",20210104,"더 미동",2035
"356",20210104,"더네이쳐홀딩스",38850
"357",20210104,"더블유게임즈보통주",60200
"358",20210104,"더블유아이",1395
"359",20210104,"더블유에스아이",3490
"360",20210104,"더이앤엠",1215
"361",20210104,"더존비즈온보통주",106000
"362",20210104,"더콘텐츠온",10650
"363",20210104,"덕산네오룩스",35000
"364",20210104,"덕산테코피아",18750
"365",20210104,"덕산하이메탈",12950
"366",20210104,"덕성보통주",8100
"367",20210104,"덕신하우징",1610
"368",20210104,"덕양산업보통주",1850
"369",20210104,"덕우전자",8030
"370",20210104,"데브시스터즈",14900
"371",20210104,"데이드림엔터테인먼트",16150
"372",20210104,"데이타솔루션",7540
"373",20210104,"데이터스트림즈",6480
"374",20210104,"데일리블록체인",1055
"375",20210104,"덱스터스튜디오",6110
"376",20210104,"덴티스",1810
"377",20210104,"덴티움보통주",40700
"378",20210104,"도부마스크",4955
"379",20210104,"도이치모터스",7160
"380",20210104,"도화엔지니어링보통주",8260
"381",20210104,"동구바이오제약",24900
"382",20210104,"동국산업",3385
"383",20210104,"동국알앤에스",3335
"384",20210104,"동국에스엔씨",7980
"385",20210104,"동국제강보통주",8680
"386",20210104,"동국제약",28400
"387",20210104,"동방보통주",2240
"388",20210104,"동방선기",3125
"389",20210104,"동방아그로보통주",6380
"390",20210104,"동부건설보통주",13750
"391",20210104,"동서보통주",33800
"392",20210104,"동성제약보통주",12500
"393",20210104,"동성코퍼레이션보통주",4905
"394",20210104,"동성화인텍",12150
"395",20210104,"동성화학보통주",16000
"396",20210104,"동신건설",35800
"397",20210104,"동아쏘시오홀딩스보통주",123500
"398",20210104,"동아에스티보통주",92900
"399",20210104,"동아엘텍",8320
"400",20210104,"동아지질보통주",16500
"401",20210104,"동아타이어공업보통주",9830
"402",20210104,"동아화성",10900
"403",20210104,"동양고속보통주",24550
"404",20210104,"동양물산기업보통주",1585
"405",20210104,"동양보통주",1215
"406",20210104,"동양생명보험보통주",3495
"407",20210104,"동양에스텍",3100
"408",20210104,"동양이엔피",19750
"409",20210104,"동양철관보통주",1150
"410",20210104,"동양파일",3270
"411",20210104,"동양피스톤보통주",6020
"412",20210104,"동우팜투테이블",3340
"413",20210104,"동운아나텍",12400
"414",20210104,"동원F&B보통주",176500
"415",20210104,"동원개발",5230
"416",20210120,"동원금속보통주",1045
"417",20210104,"동원산업보통주",219500
"418",20210104,"동원수산보통주",9220
"419",20210104,"동원시스템즈보통주",37450
"420",20210104,"동일고무벨트보통주",10350
"421",20210104,"동일금속",11600
"422",20210104,"동일기연",12100
"423",20210104,"동일산업보통주",76100
"424",20210104,"동일제강보통주",2500
"425",20210104,"동일철강",5910
"426",20210104,"동진쎄미켐",37000
"427",20210104,"동화기업",55300
"428",20210105,"동화약품보통주",19400
"429",20210104,"두산밥캣보통주",29400
"430",20210104,"두산보통주",52000
"431",20210104,"두산인프라코어보통주",7910
"432",20210104,"두산중공업보통주",13900
"433",20210104,"두산퓨얼셀보통주",56300
"434",20210104,"두올보통주",3520
"435",20210104,"듀오백",4150
"436",20210104,"듀켐바이오",9900
"437",20210104,"드래곤플라이",2465
"438",20210104,"드림시큐리티",3980
"439",20210104,"드림씨아이에스",19650
"440",20210104,"드림어스컴퍼니",5220
"441",20210104,"드림텍보통주",11800
"442",20210104,"디딤",2145
"443",20210104,"디바이스이엔지",55500
"444",20210104,"디비금융제8호기업인수목적",2010
"445",20210104,"디스플레이테크",3910
"446",20210104,"디씨엠보통주",12200
"447",20210104,"디아이보통주",4855
"448",20210104,"디아이씨 보통주",2980
"449",20210104,"디아이티",9200
"450",20210104,"디알비동일보통주",6930
"451",20210104,"디알젬",17100
"452",20210104,"디알텍",1415
"453",20210104,"디앤씨미디어",39700
"454",20210104,"디에스씨인베스트먼트",5960
"455",20210104,"디에스케이",6480
"456",20210104,"디에이치피코리아",8290
"457",20210104,"디에이테크놀로지",7280
"458",20210104,"디에이피",4040
"459",20210104,"디엔에이링크",8850
"460",20210104,"디엔에프",21750
"461",20210104,"디엠에스",9100
"462",20210104,"디엠티",2810
"463",20210104,"디오",31250
"464",20210104,"디와이보통주",4535
"465",20210104,"디와이파워보통주",11850
"466",20210104,"디와이피엔에프",19800
"467",20210104,"디이엔티",9300
"468",20210104,"디자인",6430
"469",20210224,"디젠스",1000
"470",20210104,"디지아이",2485
"471",20210104,"디지캡",4570
"472",20210104,"디지탈옵틱",1080
"473",20210104,"디지털대성",8070
"474",20210104,"디지틀조선일보",3150
"475",20210104,"디케이락",15150
"476",20210104,"디케이앤디",10350
"477",20210104,"디케이티",23450
"478",20210104,"디티알오토모티브보통주",25950
"479",20210104,"디티앤씨",7400
"480",20210104,"디피씨보통주",8680
"481",20210104,"디피코",4400
"482",20210104,"딜리",1550
"483",20210104,"라닉스",11000
"484",20210104,"라온시큐어",3570
"485",20210104,"라온테크",13800
"486",20210104,"라온피플",23350
"487",20210104,"라이브파이낸셜",1950
"488",20210125,"라이브플렉스",5300
"489",20210104,"라이온켐텍",7580
"490",20210104,"라이프사이언스테크놀로지",3200
"491",20210104,"라파스",24700
"492",20210104,"락앤락보통주",10100
"493",20210104,"래몽래인",22000
"494",20210104,"램테크놀러지",6890
"495",20210104,"랩지노믹스",18350
"496",20210104,"러셀",2960
"497",20210104,"럭스피아",1645
"498",20210104,"레고켐바이오사이언스",72200
"499",20210104,"레드캡투어",19300
"500",20210104,"레몬",10950
"501",20210104,"레이",52900
"502",20210104,"레이언스",11100
"503",20210104,"레이크머티리얼즈",2795
"504",20210310,"렌딩머신",3200
"505",20210104,"로보로보",4710
"506",20210104,"로보스타",20050
"507",20210226,"로보쓰리",1020
"508",20210104,"로보티즈",14250
"509",20210104,"로지시스",4640
"510",20210104,"로체시스템즈",6450
"511",20210104,"롯데관광개발 보통주",15150
"512",20210104,"롯데리츠보통주",5400
"513",20210104,"롯데손해보험보통주",1765
"514",20210104,"롯데쇼핑 보통주",101500
"515",20210104,"롯데정밀화학보통주",55100
"516",20210104,"롯데정보통신보통주",41500
"517",20210104,"롯데제과보통주",105500
"518",20210104,"롯데지주보통주",35100
"519",20210104,"롯데칠성음료보통주",107000
"520",20210104,"롯데케미칼보통주",279500
"521",20210104,"롯데푸드보통주",325500
"522",20210104,"롯데하이마트보통주",30700
"523",20210104,"루멘스",3115
"524",20210104,"루켄테크놀러지스",7100
"525",20210104,"루트락",4210
"526",20210104,"루트로닉",9690
"527",20210104,"룽투코리아",4710
"528",20210104,"리노공업",135300
"529",20210104,"리노스",1200
"530",20210304,"리더스 기술투자",1120
"531",20210104,"리더스코스메틱",3710
"532",20210104,"리드코프",6820
"533",20210104,"리메드",32600
"534",20210104,"린드먼아시아인베스트먼트",5300
"535",20210104,"링네트",7250
"536",20210104,"링크제니시스",7800
"537",20210104,"마니커에프앤지",8260
"538",20210104,"마이크로디지탈",17800
"539",20210104,"마이크로프랜드",7100
"540",20210104,"마크로밀엠브레인",7830
"541",20210104,"마크로젠",27100
"542",20210104,"만도보통주",62700
"543",20210104,"만호제강보통주",17850
"544",20210104,"매일유업",69500
"545",20210104,"매일홀딩스",8340
"546",20210104,"매커스",5060
"547",20210104,"맥스로텍",1540
"548",20210104,"맥쿼리한국인프라투융자회사 보통주",10650
"549",20210104,"머큐리",9220
"550",20210104,"멀티캠퍼스",34900
"551",20210104,"메가스터디",11400
"552",20210104,"메가스터디교육",40650
"553",20210104,"메가엠디",3955
"554",20210104,"메드팩토",114000
"555",20210104,"메디쎄이",9540
"556",20210104,"메디아나",16100
"557",20210104,"메디안디노스틱",40000
"558",20210315,"메디앙스",7930
"559",20210104,"메디젠휴먼케어",8800
"560",20210104,"메디콕스",1890
"561",20210104,"메디톡스",170700
"562",20210104,"메디포스트",35050
"563",20210104,"메디프론디비티",4025
"564",20210104,"메리츠금융지주회사보통주",9680
"565",20210104,"메리츠증권보통주",3615
"566",20210104,"메리츠화재해상보험보통주",14250
"567",20210104,"메지온",172800
"568",20210104,"메카로",14550
"569",20210104,"메타랩스보통주",1045
"570",20210104,"메타바이오메드",2820
"571",20210104,"메탈라이프",30350
"572",20210104,"멕아이씨에스",36900
"573",20210104,"멜파스",1805
"574",20210104,"명문제약 보통주",7520
"575",20210104,"명신산업보통주",48400
"576",20210104,"명진홀딩스",1880
"577",20210104,"모나리자보통주",4990
"578",20210104,"모나미보통주",5840
"579",20210104,"모다이노칩",3820
"580",20210104,"모두투어네트워크",20700
"581",20210104,"모두투어리츠보통주",2995
"582",20210104,"모바일리더",18650
"583",20210104,"모바일어플라이언스",5260
"584",20210104,"모베이스",3935
"585",20210104,"모베이스전자",2510
"586",20210104,"모비스",2575
"587",20210104,"모아텍",12300
"588",20210104,"모토닉보통주",12050
"589",20210104,"모트렉스",7200
"590",20210104,"모헨즈",4790
"591",20210104,"무림에스피",3260
"592",20210104,"무림페이퍼보통주",2715
"593",20210104,"무림피앤피보통주",3665
"594",20210104,"무진메디",6150
"595",20210104,"무학보통주",7040
"596",20210104,"문배철강보통주",3490
"597",20210104,"미디어젠",9770
"598",20210104,"미래나노텍",3360
"599",20210104,"미래산업보통주",3110
"600",20210104,"미래생명자원",3005
"601",20210104,"미래에셋대우",9500
"602",20210104,"미래에셋대우기업인수목적 5호",2110
"603",20210104,"미래에셋대우기업인수목적3호",2070
"604",20210205,"미래에셋대우기업인수목적4호",3145
"605",20210104,"미래에셋맵스리츠보통주",4720
"606",20210104,"미래에셋맵스아시아퍼시픽부동산공모1호",3970
"607",20210104,"미래에셋벤처투자",5640
"608",20210104,"미래에셋생명보험보통주",3815
"609",20210105,"미래엔에듀파트너",1600
"610",20210104,"미래컴퍼니",40450
"611",20210104,"미래테크놀로지",8310
"612",20210104,"미스터블루",11550
"613",20210104,"미원상사보통주",134500
"614",20210104,"미원스페셜티케미칼보통주",106500
"615",20210104,"미원홀딩스 보통주",80900
"616",20210104,"미원화학보통주",61900
"617",20210104,"미창석유공업보통주",66000
"618",20210104,"미코",15200
"619",20210104,"미코바이오메드",10950
"620",20210104,"미투온",6230
"621",20210104,"미투젠",26100
"622",20210104,"민앤지",17950
"623",20210104,"바다로19호선박투자회사",2365
"624",20210104,"바디텍메드",24600
"625",20210104,"바른손",3120
"626",20210104,"바른손이앤에이",1485
"627",20210104,"바이넥스",26200
"628",20210104,"바이브컴퍼니",35650
"629",20210104,"바이오니아",18600
"630",20210104,"바이오로그디바이스",1670
"631",20210104,"바이오리더스",6310
"632",20210104,"바이오솔루션",28750
"633",20210104,"바이오스마트",8000
"634",20210104,"바이오시네틱스",7300
"635",20210104,"바이오인프라생명과학",3000
"636",20210104,"바이오코아",14000
"637",20210104,"바이오톡스텍",14450
"638",20210104,"바이온",1410
"639",20210104,"바이옵트로",5200
"640",20210104,"바텍",23100
"641",20210104,"박셀바이오",217400
"642",20210104,"방림보통주",1900
"643",20210104,"배럴",8750
"644",20210104,"백광산업보통주",3345
"645",20210104,"백금티앤에이",3115
"646",20210104,"백산보통주",5770
"647",20210104,"버킷스튜디오",1875
"648",20210104,"범양건영보통주",4675
"649",20210104,"베노홀딩스",8120
"650",20210104,"베뉴지",1835
"651",20210104,"베셀",3595
"652",20210104,"베스파",13750
"653",20210104,"벽산보통주",2435
"654",20210104,"보광산업",5580
"655",20210104,"보라티알",16350
"656",20210104,"보락보통주",2475
"657",20210104,"보령제약보통주",18500
"658",20210104,"보성파워텍",1965
"659",20210216,"보해양조보통주",1030
"660",20210104,"본느",2410
"661",20210104,"볼빅",4100
"662",20210104,"부-스타",5350
"663",20210104,"부광약품보통주",28950
"664",20210104,"부국증권보통주",20800
"665",20210104,"부국철강 보통주",4280
"666",20210104,"부방",2700
"667",20210104,"부산도시가스보통주",50000
"668",20210104,"부산산업보통주",118000
"669",20210104,"뷰웍스",30450
"670",20210104,"브랜드엑스코퍼레이션",10450
"671",20210108,"브레인콘텐츠",1005
"672",20210104,"브리지텍",3690
"673",20210104,"브릿지바이오테라퓨틱스",15000
"674",20210104,"브이원텍",10800
"675",20210104,"브이티지엠피",8720
"676",20210104,"블루콤",5390
"677",20210104,"비나텍",56300
"678",20210104,"비덴트",8090
"679",20210104,"비디아이",9950
"680",20210104,"비보존 헬스케어",2090
"681",20210104,"비비씨",18600
"682",20210104,"비비안보통주",3760
"683",20210104,"비상교육 보통주",6640
"684",20210104,"비씨월드제약",23100
"685",20210104,"비아트론",11150
"686",20210104,"비에이치",22500
"687",20210104,"비에이치아이",2705
"688",20210104,"비엔디생활건강",1695
"689",20210104,"비엠티",11650
"690",20210104,"비올",2535
"691",20210104,"비즈니스온커뮤니케이션",17400
"692",20210104,"비츠로셀",16800
"693",20210104,"비츠로테크",9530
"694",20210104,"비케이탑스보통주",15700
"695",20210104,"비트컴퓨터",11000
"696",20210104,"비플라이소프트",5220
"697",20210104,"비피도",25050
"698",20210104,"빅솔론",4610
"699",20210104,"빅텍",6820
"700",20210104,"빅토리콘텐츠",6500
"701",20210104,"빅히트엔터테인먼트보통주",158000
"702",20210104,"빙그레보통주",57100
"703",20210104,"빛샘전자",6300
"704",20210222,"뿌리깊은나무들",1050
"705",20210104,"사람인에이치알",26450
"706",20210104,"사조대림보통주",16650
"707",20210115,"사조동아원보통주",1040
"708",20210104,"사조산업보통주",30950
"709",20210104,"사조씨푸드보통주",6070
"710",20210104,"사조오양보통주",9800
"711",20210104,"삼강엠앤티",21600
"712",20210104,"삼기",5190
"713",20210104,"삼륭물산",9780
"714",20210104,"삼목에스폼",8630
"715",20210104,"삼보모터스",6840
"716",20210104,"삼보산업",2040
"717",20210104,"삼보판지",11650
"718",20210104,"삼본전자",1310
"719",20210104,"삼부토건보통주",4525
"720",20210104,"삼성SDI보통주",671000
"721",20210104,"삼성공조보통주",7370
"722",20210104,"삼성기업인수목적2호",2130
"723",20210104,"삼성물산보통주",144000
"724",20210104,"삼성바이오로직스보통주",829000
"725",20210104,"삼성생명보험보통주",78000
"726",20210104,"삼성에스디에스보통주",186000
"727",20210104,"삼성엔지니어링보통주",13500
"728",20210104,"삼성전기보통주",180000
"729",20210104,"삼성전자보통주",83000
"730",20210104,"삼성제약",6370
"731",20210104,"삼성중공업보통주",7300
"732",20210104,"삼성증권보통주",40800
"733",20210104,"삼성출판사보통주",24100
"734",20210104,"삼성카드 보통주",31250
"735",20210104,"삼성화재해상보험보통주",183000
"736",20210104,"삼아알미늄보통주",12650
"737",20210104,"삼아제약",16850
"738",20210104,"삼양사보통주",60000
"739",20210104,"삼양식품보통주",1e+05
"740",20210104,"삼양옵틱스",9240
"741",20210104,"삼양통상보통주",63200
"742",20210104,"삼양패키징보통주",21450
"743",20210104,"삼양홀딩스보통주",73800
"744",20210104,"삼에스코리아",2260
"745",20210104,"삼영무역보통주",14000
"746",20210104,"삼영엠텍",5520
"747",20210104,"삼영이엔씨",7350
"748",20210104,"삼영전자공업보통주",10400
"749",20210104,"삼영화학공업보통주",2565
"750",20210104,"삼원강재 보통주",2615
"751",20210104,"삼익THK보통주",12150
"752",20210104,"삼익악기보통주",1450
"753",20210104,"삼일",2015
"754",20210104,"삼일기업공사",4245
"755",20210104,"삼일씨엔에스보통주",10100
"756",20210104,"삼일제약보통주",20350
"757",20210104,"삼정펄프 보통주",30200
"758",20210104,"삼지전자",12400
"759",20210104,"삼진",11250
"760",20210104,"삼진엘앤디",3765
"761",20210104,"삼진제약보통주",27000
"762",20210104,"삼천당제약",81800
"763",20210104,"삼천리보통주",82400
"764",20210104,"삼천리자전거",8960
"765",20210104,"삼표시멘트",3985
"766",20210104,"삼현철강",4050
"767",20210104,"삼호개발 보통주",4230
"768",20210104,"삼화네트웍스",2195
"769",20210104,"삼화왕관보통주",39600
"770",20210104,"삼화전기보통주",23100
"771",20210104,"삼화전자공업보통주",4100
"772",20210104,"삼화콘덴서공업보통주",69200
"773",20210104,"삼화페인트공업보통주",14550
"774",20210104,"상보",1320
"775",20210104,"상상인",6390
"776",20210104,"상상인이안제1호기업인수목적",2030
"777",20210104,"상상인이안제2호기업인수목적",2010
"778",20210331,"상상인인더스트리",1030
"779",20210104,"상상인증권보통주",1050
"780",20210104,"상신브레이크보통주",4000
"781",20210104,"상신이디피",14600
"782",20210104,"상신전자",5380
"783",20210104,"상아프론테크",46850
"784",20210104,"상지카일룸",1185
"785",20210104,"새로닉스",14050
"786",20210104,"새론오토모티브",6140
"787",20210104,"샘표보통주",49150
"788",20210104,"샘표식품보통주",52900
"789",20210104,"서남",3850
"790",20210104,"서린바이오사이언스",14000
"791",20210104,"서부티엔디",7550
"792",20210104,"서산",2345
"793",20210104,"서암기계공업",5710
"794",20210104,"서연보통주",9990
"795",20210104,"서연이화보통주",7460
"796",20210104,"서연탑메탈",9320
"797",20210104,"서울도시가스보통주",89000
"798",20210107,"서울리거",1005
"799",20210104,"서울바이오시스",19150
"800",20210104,"서울반도체",21200
"801",20210104,"서울옥션",7110
"802",20210107,"서울전자통신",1030
"803",20210104,"서울제약",10800
"804",20210104,"서원보통주",2715
"805",20210104,"서원인텍",8030
"806",20210104,"서전기전",3165
"807",20210104,"서진시스템",51000
"808",20210104,"서진오토모티브",2775
"809",20210104,"서플러스글로벌",3105
"810",20210104,"서한",1540
"811",20210104,"서호전기",21500
"812",20210104,"서흥보통주",50500
"813",20210104,"서희건설",1610
"814",20210104,"석경에이티",39650
"815",20210104,"선광",27500
"816",20210104,"선데이토즈",21300
"817",20210104,"선도전기보통주",3155
"818",20210104,"선바이오",25100
"819",20210104,"선익시스템",7570
"820",20210104,"선진보통주",11550
"821",20210104,"선창산업보통주",4915
"822",20210104,"성광벤드",7610
"823",20210104,"성도이엔지",4765
"824",20210104,"성문전자보통주",1860
"825",20210104,"성보화학보통주",4345
"826",20210104,"성신양회보통주",7270
"827",20210122,"성안보통주",1025
"828",20210104,"성우전자",2775
"829",20210104,"성우테크론",4775
"830",20210104,"성우하이텍",6350
"831",20210104,"성창기업지주보통주",2215
"832",20210104,"성창오토텍",8730
"833",20210104,"성호전자",1550
"834",20210104,"세경하이테크",23600
"835",20210104,"세동",1950
"836",20210104,"세명전기공업",4075
"837",20210104,"세미콘라이트",1395
"838",20210104,"세방보통주",11750
"839",20210104,"세방전지보통주",75000
"840",20210104,"세보엠이씨",5960
"841",20210104,"세아베스틸보통주",10800
"842",20210104,"세아제강보통주",91300
"843",20210104,"세아제강지주보통주",44300
"844",20210104,"세아특수강보통주",11550
"845",20210104,"세아홀딩스보통주",77000
"846",20210104,"세우글로벌보통주",3005
"847",20210104,"세운메디칼",6790
"848",20210104,"세원",5240
"849",20210104,"세원셀론텍 보통주",2925
"850",20210104,"세이브존I&C보통주",2930
"851",20210104,"세종공업보통주",9370
"852",20210104,"세종메디칼",13150
"853",20210104,"세중",2835
"854",20210104,"세진중공업보통주",6630
"855",20210104,"세진티에스",6870
"856",20210104,"세코닉스",7420
"857",20210104,"세틀뱅크",32900
"858",20210104,"세하보통주",1845
"859",20210104,"세화피앤씨",3860
"860",20210104,"센코",25100
"861",20210104,"센트랄모텍보통주",27700
"862",20210104,"센트럴바이오",2920
"863",20210104,"센트럴인사이트보통주",9530
"864",20210104,"셀레믹스",28700
"865",20210326,"셀루메드",8180
"866",20210104,"셀리드",43800
"867",20210104,"셀리버리",192500
"868",20210104,"셀바스에이아이",2790
"869",20210104,"셀바스헬스케어",2520
"870",20210104,"셀젠텍",13300
"871",20210104,"셀트리온보통주",347500
"872",20210104,"셀트리온제약",218300
"873",20210104,"셀트리온헬스케어",151300
"874",20210104,"소룩스",18850
"875",20210104,"소마젠(Reg.S)",17950
"876",20210104,"소프트센",1980
"877",20210104,"소프트캠프",3385
"878",20210104,"손오공",1730
"879",20210104,"솔루스첨단소재보통주",50800
"880",20210104,"솔루에타",4360
"881",20210104,"솔본",6100
"882",20210104,"솔브레인",291400
"883",20210104,"솔브레인홀딩스",46450
"884",20210104,"솔트룩스",34500
"885",20210104,"솔트웍스",5700
"886",20210104,"송원산업보통주",16150
"887",20210104,"쇼박스",3500
"888",20210104,"수산아이앤티",13550
"889",20210104,"수산중공업보통주",3125
"890",20210104,"수성",2285
"891",20210104,"수젠텍",19750
"892",20210104,"슈프리마",29750
"893",20210104,"슈프리마아이디",16300
"894",20210104,"슈프리마에이치큐",7770
"895",20210104,"슈피겐코리아",66200
"896",20210104,"스맥",1935
"897",20210104,"스타플렉스",5000
"898",20210104,"스템랩",16500
"899",20210104,"스튜디오 산타클로스 엔터테인먼트",2210
"900",20210104,"스튜디오드래곤 주식회사",94500
"901",20210104,"스페코",11750
"902",20210104,"승일",8180
"903",20210104,"시공테크",5130
"904",20210122,"시그네틱스",1040
"905",20210104,"시그넷이브이",24800
"906",20210104,"시너지이노베이션",3605
"907",20210104,"시노펙스",4140
"908",20210104,"시디즈보통주",55000
"909",20210104,"시스웍",2185
"910",20210104,"시큐브",1615
"911",20210104,"시큐센",8700
"912",20210216,"시티랩스",1010
"913",20210104,"신대양제지보통주",64000
"914",20210104,"신도기연",21550
"915",20210104,"신도리코보통주",26300
"916",20210104,"신라교역보통주",9150
"917",20210104,"신라섬유",2090
"918",20210104,"신라에스지",8450
"919",20210104,"신성델타테크",11200
"920",20210104,"신성이엔지보통주",3475
"921",20210104,"신성통상보통주",1740
"922",20210104,"신세계건설",27400
"923",20210104,"신세계보통주",238500
"924",20210104,"신세계아이앤씨 보통주",129500
"925",20210104,"신세계인터내셔날보통주",161000
"926",20210104,"신세계푸드보통주",65900
"927",20210104,"신송홀딩스보통주",4085
"928",20210104,"신신제약",9000
"929",20210104,"신영와코루보통주",103500
"930",20210104,"신영증권보통주",53200
"931",20210104,"신영해피투모로우제5호기업인수목적",2095
"932",20210104,"신영해피투모로우제6호기업인수목적",2055
"933",20210104,"신원보통주",1420
"934",20210104,"신원종합개발",4990
"935",20210104,"신일전자보통주",1905
"936",20210104,"신일제약",22600
"937",20210104,"신진에스엠",4795
"938",20210104,"신테카바이오",24750
"939",20210104,"신풍제약보통주",122000
"940",20210104,"신풍제지보통주",3280
"941",20210104,"신한금융지주회사보통주",31550
"942",20210104,"신한알파리츠보통주",7060
"943",20210104,"신한제6호기업인수목적",2060
"944",20210104,"신화실업보통주",21000
"945",20210104,"신화인터텍",3395
"946",20210104,"신화콘텍",3120
"947",20210104,"신흥보통주",10850
"948",20210104,"신흥에스이씨",49100
"949",20210104,"실리콘웍스",62200
"950",20210104,"심텍",23950
"951",20210104,"심텍홀딩스",2620
"952",20210104,"싸이맥스",20850
"953",20210104,"싸이토젠",51900
"954",20210104,"쌍용양회공업보통주",6580
"955",20210104,"쌍용정보통신",1420
"956",20210104,"써니전자보통주",5140
"957",20210104,"썬테크",10600
"958",20210104,"썸에이지",1435
"959",20210104,"쎄노텍",2240
"960",20210104,"쎄니트",1725
"961",20210104,"쎄미시스코",7680
"962",20210104,"쎄트렉아이",31950
"963",20210104,"쎌마테라퓨틱스보통주",8130
"964",20210104,"쎌바이오텍",23450
"965",20210104,"쏠리드",11350
"966",20210104,"씨아이에스",9580
"967",20210104,"씨알푸드",9460
"968",20210104,"씨앗",4850
"969",20210106,"씨앤에스링크",3450
"970",20210104,"씨앤에이치",2280
"971",20210104,"씨앤지하이테크",14150
"972",20210104,"씨에스",2460
"973",20210104,"씨에스베어링",34850
"974",20210104,"씨에스에이코스믹",2195
"975",20210104,"씨에스윈드보통주",176500
"976",20210104,"씨엔티드림",7500
"977",20210104,"씨엠에스에듀",5320
"978",20210104,"씨유메디칼시스템",2510
"979",20210104,"씨제이대한통운보통주",168500
"980",20210104,"씨제이씨지브이 보통주",26200
"981",20210104,"씨제이이엔엠",141800
"982",20210104,"씨제이제일제당 주식회사 보통주",384500
"983",20210104,"씨제이프레시웨이",18900
"984",20210104,"씨젠",183800
"985",20210104,"씨큐브",7320
"986",20210104,"씨티씨바이오",7590
"987",20210104,"씨티케이코스메틱스",14250
"988",20210104,"아가방앤컴퍼니",3405
"989",20210104,"아나패스",26950
"990",20210104,"아난티",8260
"991",20210104,"아남전자보통주",3415
"992",20210104,"아모그린텍",15450
"993",20210104,"아모레G보통주",54000
"994",20210104,"아모레퍼시픽 보통주",203000
"995",20210104,"아모텍",39100
"996",20210104,"아미노로직스",2650
"997",20210104,"아미코젠",38250
"998",20210104,"아바코",10500
"999",20210104,"아바텍",8640
"1000",20210104,"아비코전자",8570
"1001",20210104,"아세아보통주",90700
"1002",20210104,"아세아시멘트보통주",73900
"1003",20210104,"아세아제지보통주",37350
"1004",20210104,"아세아텍",3160
"1005",20210104,"아스타",5040
"1006",20210104,"아스트",5540
"1007",20210104,"아시아경제",2080
"1008",20210104,"아시아나IDT보통주",23850
"1009",20210115,"아시아나항공 보통주",18000
"1010",20210104,"아우딘퓨쳐스",4260
"1011",20210104,"아이디스",27900
"1012",20210104,"아이디스홀딩스",12500
"1013",20210104,"아이디피",8120
"1014",20210104,"아이마켓코리아보통주",8470
"1015",20210104,"아이비김영",1670
"1016",20210104,"아이비케이에스제12호기업인수목적",2185
"1017",20210104,"아이비케이에스제13호기업인수목적",2110
"1018",20210104,"아이비케이에스제14호기업인수목적",2115
"1019",20210104,"아이센스",29800
"1020",20210104,"아이스크림에듀",8290
"1021",20210104,"아이쓰리시스템",22150
"1022",20210104,"아이씨디",18400
"1023",20210104,"아이씨케이",3985
"1024",20210104,"아이앤씨테크놀로지",4430
"1025",20210104,"아이에스동서보통주",54600
"1026",20210104,"아이에스시",27700
"1027",20210104,"아이에스이커머스",3980
"1028",20210104,"아이에이",1045
"1029",20210104,"아이에이네트웍스",1580
"1030",20210104,"아이엘사이언스",3025
"1031",20210126,"아이엠",1065
"1032",20210104,"아이엠비씨",4480
"1033",20210104,"아이엠이연이",7500
"1034",20210104,"아이오케이컴퍼니",1545
"1035",20210104,"아이원스",6870
"1036",20210104,"아이즈비전",3935
"1037",20210104,"아이진",12300
"1038",20210104,"아이컴포넌트",4445
"1039",20210104,"아이케이세미콘",4940
"1040",20210104,"아이큐어",60400
"1041",20210104,"아이크래프트",4245
"1042",20210104,"아이텍",9500
"1043",20210104,"아이티센",5210
"1044",20210104,"아이티엑스에이아이",2455
"1045",20210104,"아이티엠반도체",57200
"1046",20210104,"아주아이비투자",4140
"1047",20210104,"아주캐피탈보통주",11900
"1048",20210104,"아즈텍더블유비이",1810
"1049",20210104,"아진산업",3000
"1050",20210104,"아진엑스텍",6140
"1051",20210104,"아톤",26700
"1052",20210104,"아퓨어스",2950
"1053",20210104,"아프리카티비",61700
"1054",20210104,"안국약품",12800
"1055",20210104,"안랩",84500
"1056",20210104,"안지오랩",13900
"1057",20210104,"안트로젠",65400
"1058",20210104,"알로이스",2570
"1059",20210104,"알루코 보통주",4880
"1060",20210104,"알리코제약",13450
"1061",20210104,"알서포트",12650
"1062",20210104,"알에스오토메이션",9150
"1063",20210104,"알에프세미",5930
"1064",20210104,"알에프에이치아이씨",45200
"1065",20210104,"알에프텍",10550
"1066",20210104,"알엔투테크놀로지",18600
"1067",20210104,"알체라",42950
"1068",20210104,"알테오젠",172500
"1069",20210104,"알톤스포츠",4130
"1070",20210104,"알티캐스트",1855
"1071",20210104,"알파홀딩스",4580
"1072",20210104,"압타머사이언스",31500
"1073",20210104,"압타바이오",66000
"1074",20210105,"앙츠",1270
"1075",20210104,"애경산업보통주",24600
"1076",20210104,"애경유화보통주",8900
"1077",20210104,"애니젠",14200
"1078",20210104,"애니플러스",1535
"1079",20210104,"애드바이오텍",24800
"1080",20210104,"액션스퀘어",1630
"1081",20210104,"액토즈소프트",9540
"1082",20210104,"액트",4860
"1083",20210104,"액트로",12100
"1084",20210104,"앤디포스",5610
"1085",20210104,"앤씨앤",4485
"1086",20210104,"앱코",26400
"1087",20210104,"앱클론 주식회사",36700
"1088",20210104,"야스",13700
"1089",20210104,"양지사",9780
"1090",20210104,"어보브반도체",17650
"1091",20210104,"얼라인드제네틱스",10100
"1092",20210106,"엄지하우스",4250
"1093",20210104,"에너토크",4265
"1094",20210104,"에넥스보통주",1245
"1095",20210104,"에버다임",4290
"1096",20210104,"에브리봇",97000
"1097",20210104,"에스넷시스템",7050
"1098",20210104,"에스디생명공학",4580
"1099",20210104,"에스디엔",3630
"1100",20210104,"에스맥",1805
"1101",20210104,"에스브이인베스트먼트",6160
"1102",20210104,"에스비아이인베스트먼트",1310
"1103",20210104,"에스비에스보통주",24550
"1104",20210104,"에스비에스콘텐츠허브",6290
"1105",20210104,"에스씨디",1680
"1106",20210104,"에스씨아이평가정보",4450
"1107",20210104,"에스씨엠생명과학",55400
"1108",20210105,"에스알바이오텍",8400
"1109",20210104,"에스앤더블류",3050
"1110",20210104,"에스앤디",255700
"1111",20210104,"에스앤에스텍",44950
"1112",20210104,"에스앤케이",29400
"1113",20210104,"에스에너지",8060
"1114",20210104,"에스에스알",6520
"1115",20210104,"에스에이엠티",2385
"1116",20210104,"에스에이티",2615
"1117",20210104,"에스에프에이",39500
"1118",20210104,"에스에프에이반도체",5960
"1119",20210104,"에스엔유프리시젼",3955
"1120",20210104,"에스엔케이폴리텍",5390
"1121",20210104,"에스엘보통주",16800
"1122",20210104,"에스엘에스바이오",11850
"1123",20210104,"에스엠라이프디자인그룹",2120
"1124",20210104,"에스엠비나",2645
"1125",20210104,"에스엠엔터테인먼트",29550
"1126",20210104,"에스엠컬처앤콘텐츠",1655
"1127",20210104,"에스엠코어",7340
"1128",20210104,"에스와이",4385
"1129",20210104,"에스원보통주",85100
"1130",20210104,"에스제이그룹",15800
"1131",20210104,"에스지씨이테크건설",58900
"1132",20210302,"에스지에이",1020
"1133",20210104,"에스지에이 솔루션즈",1095
"1134",20210104,"에스지엔지",1575
"1135",20210104,"에스지이",2020
"1136",20210104,"에스지충방 보통주",2180
"1137",20210104,"에스케이 머티리얼즈",355600
"1138",20210104,"에스케이디스커버리보통주",66100
"1139",20210104,"에스케이렌터카보통주",9350
"1140",20210104,"에스케이바이오팜보통주",154500
"1141",20210217,"에스케이씨에스",1030
"1142",20210318,"에스케이에이씨피씨제4호기업인수목적",2040
"1143",20210104,"에스케이제5호기업인수목적",2060
"1144",20210104,"에스케이제6호기업인수목적",2035
"1145",20210104,"에스케이하이닉스보통주",126000
"1146",20210104,"에스코넥",1995
"1147",20210104,"에스텍",11400
"1148",20210104,"에스텍파마",12700
"1149",20210104,"에스트래픽",5200
"1150",20210104,"에스티아이",18100
"1151",20210104,"에스티오",2120
"1152",20210104,"에스티큐브",10300
"1153",20210104,"에스티팜",103900
"1154",20210104,"에스폴리텍",5620
"1155",20210104,"에스퓨얼셀",39850
"1156",20210104,"에스피시스템스",6250
"1157",20210104,"에스피지",9400
"1158",20210104,"에쎈테크",1170
"1159",20210104,"에쓰씨엔지니어링보통주",7150
"1160",20210104,"에어부산보통주",3225
"1161",20210111,"에이디칩스",1260
"1162",20210104,"에이디테크놀로지",31200
"1163",20210104,"에이루트",5640
"1164",20210104,"에이블씨엔씨보통주",7370
"1165",20210104,"에이비엘바이오",31350
"1166",20210104,"에이비온",7000
"1167",20210104,"에이비프로바이오",1810
"1168",20210104,"에이스침대",38250
"1169",20210104,"에이스캠퍼",1950
"1170",20210104,"에이스테크놀로지",27400
"1171",20210104,"에이스토리",35450
"1172",20210104,"에이에프더블류",17250
"1173",20210104,"에이엔피보통주",1760
"1174",20210104,"에이자기관리부동산투자회사보통주",6620
"1175",20210104,"에이치디씨아이콘트롤스보통주",10600
"1176",20210104,"에이치디씨현대이피보통주",6730
"1177",20210104,"에이치비테크놀러지",2230
"1178",20210104,"에이치시티",15000
"1179",20210104,"에이치알에스",5740
"1180",20210104,"에이치에스디엔진보통주",8460
"1181",20210104,"에이치엔에스하이텍",9390
"1182",20210104,"에이치엘비",93300
"1183",20210104,"에이치엘비생명과학",27000
"1184",20210104,"에이치엘비제약",16800
"1185",20210104,"에이치엘비파워",1295
"1186",20210104,"에이치엘사이언스",44000
"1187",20210104,"에이치엠씨아이비제4호기업인수목적",2040
"1188",20210104,"에이치엠씨아이비제5호기업인수목적",2020
"1189",20210104,"에이치엠엠보통주",16550
"1190",20210104,"에이치케이",1820
"1191",20210104,"에이테크솔루션",15250
"1192",20210104,"에이텍",33100
"1193",20210104,"에이텍티앤",24650
"1194",20210105,"에이트원",5710
"1195",20210104,"에이티넘인베스트먼트",2660
"1196",20210113,"에이티세미콘",1005
"1197",20210104,"에이팩트",7570
"1198",20210104,"에이펙스인텍",10000
"1199",20210104,"에이프로",40350
"1200",20210104,"에이프로젠제약보통주",1300
"1201",20210104,"에이프로젠케이아이씨보통주",2040
"1202",20210104,"에이플러스에셋보통주",5450
"1203",20210104,"에이피시스템",25500
"1204",20210104,"에이피에스홀딩스",8000
"1205",20210104,"에이피위성",8330
"1206",20210104,"에이피티씨",20800
"1207",20210104,"에치에프알",32100
"1208",20210104,"에코마이스터",1705
"1209",20210104,"에코마케팅",29950
"1210",20210104,"에코바이오홀딩스",9820
"1211",20210104,"에코캡",3065
"1212",20210104,"에코프로",53400
"1213",20210104,"에코프로비엠",187200
"1214",20210104,"에코플라스틱",2205
"1215",20210104,"에프알텍",6450
"1216",20210104,"에프앤가이드",8970
"1217",20210104,"에프에스티",30700
"1218",20210104,"에프엔씨엔터테인먼트",5980
"1219",20210104,"에프엔에스테크",13200
"1220",20210104,"엑사이엔씨",1505
"1221",20210104,"엑세스바이오",21500
"1222",20210104,"엑셈",4640
"1223",20210104,"엑시콘",17000
"1224",20210104,"엔바이오니아",8050
"1225",20210104,"엔브이에이치코리아",3820
"1226",20210104,"엔솔바이오사이언스",16400
"1227",20210303,"엔시트론",1015
"1228",20210104,"엔씨소프트보통주",978000
"1229",20210104,"엔에스",11150
"1230",20210104,"엔에스쇼핑보통주",12000
"1231",20210104,"엔에스엔",1380
"1232",20210310,"엔에스엠",1005
"1233",20210104,"엔에스컴퍼니",6620
"1234",20210104,"엔에이치기업인수목적13호",2150
"1235",20210104,"엔에이치기업인수목적14호",5990
"1236",20210104,"엔에이치기업인수목적16호",2095
"1237",20210104,"엔에이치기업인수목적17호",2050
"1238",20210104,"엔에이치기업인수목적18호",2060
"1239",20210104,"엔에이치엔벅스",5360
"1240",20210104,"엔에이치엔한국사이버결제",70000
"1241",20210104,"엔에이치투자증권보통주",11200
"1242",20210104,"엔에프씨",13300
"1243",20210104,"엔이능률",2780
"1244",20210104,"엔젠바이오",32850
"1245",20210104,"엔지스테크널러지",6590
"1246",20210104,"엔지켐생명과학",105500
"1247",20210104,"엔케이 보통주",1170
"1248",20210104,"엔케이맥스",20800
"1249",20210104,"엔텔스",9430
"1250",20210104,"엔투텍",4205
"1251",20210104,"엔피디",4300
"1252",20210104,"엔피케이",2020
"1253",20210104,"엘디티",3310
"1254",20210104,"엘브이엠씨홀딩스보통주",3915
"1255",20210104,"엘비세미콘",14650
"1256",20210104,"엘아이에스",5610
"1257",20210104,"엘앤씨바이오",33500
"1258",20210104,"엘앤에프",76500
"1259",20210104,"엘앤케이바이오메드",43300
"1260",20210104,"엘에스전선아시아보통주",7840
"1261",20210113,"엘에이티",3150
"1262",20210104,"엘엠에스",14250
"1263",20210104,"엘오티베큠",19450
"1264",20210104,"엘이티",15800
"1265",20210104,"엘지하우시스",78700
"1266",20210104,"엘지헬로비전보통주",3875
"1267",20210104,"엘컴텍",1530
"1268",20210104,"엘티씨",12600
"1269",20210104,"엠게임",5800
"1270",20210104,"엠로",11850
"1271",20210104,"엠벤처투자",1090
"1272",20210104,"엠씨넥스",41200
"1273",20210104,"엠아이텍",4690
"1274",20210104,"엠에스씨",4960
"1275",20210104,"엠에스오토텍",8910
"1276",20210104,"엠에프엠코리아",2190
"1277",20210104,"엠케이전자",11400
"1278",20210104,"엠투아이코퍼레이션",18750
"1279",20210104,"엠투엔",14700
"1280",20210104,"엠플러스",15850
"1281",20210104,"엠피그룹",1100
"1282",20210104,"엠피한강",1370
"1283",20210104,"연우",19200
"1284",20210104,"영림원소프트랩",14100
"1285",20210104,"영보화학보통주",3710
"1286",20210104,"영신금속공업",3835
"1287",20210104,"영우디에스피",2345
"1288",20210104,"영원무역보통주",31100
"1289",20210104,"영원무역홀딩스보통주",37050
"1290",20210104,"영진약품보통주",7910
"1291",20210104,"영풍보통주",540000
"1292",20210104,"영풍정밀",7990
"1293",20210104,"영풍제지보통주",6200
"1294",20210104,"영화금속보통주",2340
"1295",20210104,"영화테크",22950
"1296",20210104,"영흥보통주",1175
"1297",20210104,"예림당",2950
"1298",20210104,"예선테크",2540
"1299",20210104,"예스이십사",15650
"1300",20210104,"예스코홀딩스보통주",34400
"1301",20210104,"예스티",9300
"1302",20210104,"오공",4915
"1303",20210104,"오디텍",5320
"1304",20210104,"오뚜기보통주",567000
"1305",20210104,"오로라월드",9490
"1306",20210104,"오르비텍",4820
"1307",20210104,"오리엔탈정공",2525
"1308",20210104,"오리엔트바이오보통주",1265
"1309",20210106,"오리엔트정공",1090
"1310",20210104,"오리온보통주",123000
"1311",20210104,"오리온홀딩스보통주",12900
"1312",20210104,"오리콤",5270
"1313",20210104,"오상자이엘",9500
"1314",20210104,"오성첨단소재",4515
"1315",20210104,"오션브릿지",18000
"1316",20210104,"오션스톤",4390
"1317",20210104,"오스코텍",68900
"1318",20210104,"오스템",2930
"1319",20210104,"오스템임플란트",50500
"1320",20210104,"오이솔루션",56800
"1321",20210104,"오킨스전자",34150
"1322",20210104,"오텍",15950
"1323",20210104,"오파스넷",5700
"1324",20210104,"오픈베이스",3250
"1325",20210104,"오하임아이엔티",2735
"1326",20210104,"온코퀘스트파마슈티컬",4930
"1327",20210104,"올리패스",28150
"1328",20210104,"올릭스",49500
"1329",20210104,"옴니시스템",2410
"1330",20210104,"옵트론텍",12700
"1331",20210104,"옵티시스",8210
"1332",20210104,"옵티팜",15150
"1333",20210104,"와이더블유",3990
"1334",20210104,"와이비엠넷",8230
"1335",20210104,"와이솔",17200
"1336",20210104,"와이아이케이",6330
"1337",20210104,"와이엔텍",13700
"1338",20210104,"와이엠씨",8630
"1339",20210104,"와이엠티",19850
"1340",20210104,"와이오엠",1715
"1341",20210104,"와이제이엠게임즈",1515
"1342",20210104,"와이즈버즈",1720
"1343",20210104,"와이지-원",6530
"1344",20210104,"와이지엔터테인먼트",44050
"1345",20210104,"와이지플러스보통주",5040
"1346",20210104,"와이티엔",3165
"1347",20210104,"와이팜",13250
"1348",20210104,"와토스 코리아",5470
"1349",20210104,"우노앤컴퍼니",4000
"1350",20210104,"우리금융지주보통주",9510
"1351",20210129,"우리금융캐피탈보통주",10750
"1352",20210104,"우리기술",1345
"1353",20210104,"우리기술투자",5140
"1354",20210104,"우리넷",9270
"1355",20210104,"우리들제약보통주",11100
"1356",20210104,"우리들휴브레인보통주",2795
"1357",20210104,"우리로",1685
"1358",20210104,"우리바이오",5860
"1359",20210104,"우리산업",24800
"1360",20210104,"우리산업홀딩스",5790
"1361",20210104,"우리손에프앤지 농업회사법인",2015
"1362",20210104,"우리이앤엘",1530
"1363",20210104,"우리조명",2070
"1364",20210104,"우림기계",5040
"1365",20210104,"우성사료보통주",3040
"1366",20210104,"우수AMS",8860
"1367",20210104,"우신시스템보통주",3565
"1368",20210104,"우양",5700
"1369",20210104,"우원개발",6370
"1370",20210104,"우정바이오",9070
"1371",20210104,"우주일렉트로닉스",38600
"1372",20210104,"우진보통주",4410
"1373",20210104,"우진비앤지",2900
"1374",20210104,"우진아이엔에스보통주",8130
"1375",20210104,"우진플라임 보통주",6030
"1376",20210104,"웅진보통주",1105
"1377",20210104,"웅진씽크빅 보통주",2730
"1378",20210104,"원림보통주",20500
"1379",20210104,"원바이오젠",32850
"1380",20210104,"원방테크",47850
"1381",20210104,"원익",4790
"1382",20210104,"원익머트리얼즈",36750
"1383",20210104,"원익아이피에스",44300
"1384",20210104,"원익큐브",1780
"1385",20210104,"원익큐엔씨",21450
"1386",20210104,"원익홀딩스",6270
"1387",20210104,"원일특강",8780
"1388",20210104,"원텍",12400
"1389",20210104,"원포유",2500
"1390",20210104,"원풍",4390
"1391",20210104,"원풍물산",2445
"1392",20210104,"월덱스",18100
"1393",20210104,"웨이브일렉트로닉스",6210
"1394",20210104,"웰바이오텍보통주",2535
"1395",20210104,"웰크론",5490
"1396",20210104,"웰크론한텍",4165
"1397",20210104,"웹스",1840
"1398",20210104,"웹젠",36050
"1399",20210104,"웹케시",70900
"1400",20210104,"위니아딤채",2560
"1401",20210104,"위닉스",22750
"1402",20210104,"위더스제약",21600
"1403",20210104,"위드텍",50600
"1404",20210104,"위메이드",38150
"1405",20210104,"위세아이텍",17800
"1406",20210104,"위월드 주식회사",1495
"1407",20210104,"위즈코프",1500
"1408",20210104,"위지윅스튜디오",6170
"1409",20210104,"위지트",1750
"1410",20210104,"윈스",18800
"1411",20210104,"윈텍",3080
"1412",20210104,"윈팩",1895
"1413",20210104,"윈하이텍",3155
"1414",20210104,"윌링스",16500
"1415",20210104,"윌비스보통주",1350
"1416",20210104,"윙입푸드홀딩스",1430
"1417",20210104,"유니드 보통주",48800
"1418",20210104,"유니셈",8660
"1419",20210104,"유니슨",4945
"1420",20210104,"유니온머티리얼보통주",4005
"1421",20210104,"유니온보통주",6150
"1422",20210104,"유니온커뮤니티",4280
"1423",20210104,"유니켐보통주",1420
"1424",20210104,"유니퀘스트 보통주",14750
"1425",20210104,"유니크",9180
"1426",20210104,"유니테스트",28000
"1427",20210104,"유니테크노",12600
"1428",20210104,"유니트론텍",7530
"1429",20210104,"유니포인트",1295
"1430",20210104,"유라테크",12450
"1431",20210104,"유바이오로직스",22350
"1432",20210104,"유비벨록스",9840
"1433",20210104,"유비케어",9640
"1434",20210104,"유비쿼스",24650
"1435",20210104,"유비쿼스홀딩스",27000
"1436",20210104,"유성기업보통주",2760
"1437",20210104,"유성티엔에스",2915
"1438",20210104,"유수홀딩스보통주",5660
"1439",20210104,"유신",14750
"1440",20210104,"유씨아이",2200
"1441",20210104,"유아이엘",3960
"1442",20210104,"유안타제3호기업인수목적",4200
"1443",20210104,"유안타제4호기업인수목적",2070
"1444",20210104,"유안타제5호기업인수목적",2045
"1445",20210326,"유안타제6호기업인수목적",2190
"1446",20210104,"유안타제7호기업인수목적",2015
"1447",20210104,"유안타증권보통주",3045
"1448",20210104,"유앤아이",4565
"1449",20210104,"유에스티",6390
"1450",20210104,"유엑스엔",28200
"1451",20210104,"유엔젤보통주",4075
"1452",20210104,"유유제약보통주",14250
"1453",20210104,"유진기업",4790
"1454",20210104,"유진기업인수목적4호",2070
"1455",20210104,"유진기업인수목적5호",2045
"1456",20210104,"유진로봇",3025
"1457",20210104,"유진테크",33850
"1458",20210104,"유진투자증권보통주",3925
"1459",20210104,"유테크",3690
"1460",20210104,"유투바이오",9000
"1461",20210104,"유티아이",18350
"1462",20210104,"유틸렉스",40300
"1463",20210104,"유한양행보통주",79200
"1464",20210104,"유화증권보통주",2265
"1465",20210104,"육일씨엔에쓰",3035
"1466",20210104,"율촌화학보통주",20750
"1467",20210104,"율호",1425
"1468",20210104,"이건산업보통주",11150
"1469",20210104,"이건홀딩스",2970
"1470",20210104,"이구산업보통주",2020
"1471",20210104,"이그잭스",1460
"1472",20210104,"이글루시큐리티",4670
"1473",20210104,"이글벳",10050
"1474",20210104,"이노메트리",21150
"1475",20210104,"이노벡스",4510
"1476",20210104,"이노션보통주",60900
"1477",20210104,"이노와이어리스",63500
"1478",20210104,"이노인스트루먼트",2340
"1479",20210302,"이노진",1170
"1480",20210104,"이노테라피",16050
"1481",20210104,"이녹스",12100
"1482",20210104,"이녹스첨단소재",46400
"1483",20210104,"이니텍",4820
"1484",20210104,"이더블유케이",10050
"1485",20210104,"이도바이오",22800
"1486",20210104,"이라이콤",16000
"1487",20210104,"이랜시스",2220
"1488",20210104,"이랜텍",9300
"1489",20210104,"이루다",13400
"1490",20210104,"이루온",1400
"1491",20210104,"이리츠코크렙기업구조조정부동산투자회사보통주",5380
"1492",20210104,"이마트보통주",151500
"1493",20210104,"이미지스테크놀로지",2510
"1494",20210104,"이베스트기업인수목적5호",2020
"1495",20210104,"이베스트이안기업인수목적1호",2040
"1496",20210104,"이베스트투자증권",6740
"1497",20210104,"이비테크",3105
"1498",20210104,"이상네트웍스",7050
"1499",20210104,"이수앱지스",7200
"1500",20210104,"이수페타시스보통주",4005
"1501",20210104,"이수화학보통주",14100
"1502",20210217,"이스타코보통주",1165
"1503",20210104,"이스트소프트",9110
"1504",20210104,"이십일스토어",2690
"1505",20210104,"이씨에스텔레콤",7360
"1506",20210104,"이앤에치",5060
"1507",20210115,"이에스산업",1900
"1508",20210104,"이엑스티",2475
"1509",20210104,"이엔드디",37800
"1510",20210104,"이엔에프테크놀로지",47950
"1511",20210224,"이엔코퍼레이션",1250
"1512",20210104,"이엔플러스보통주",3680
"1513",20210104,"이엘피",10600
"1514",20210104,"이엠넷",4095
"1515",20210319,"이엠비",6090
"1516",20210104,"이엠코리아",6050
"1517",20210104,"이엠텍",12750
"1518",20210104,"이엠티",2955
"1519",20210104,"이연제약보통주",21850
"1520",20210104,"이오테크닉스",117900
"1521",20210104,"이오플로우",79500
"1522",20210104,"이원다이애그노믹스",9490
"1523",20210104,"이원컴포텍",7690
"1524",20210104,"이월드보통주",3095
"1525",20210104,"이즈미디어",6500
"1526",20210104,"이지",10200
"1527",20210107,"이지바이오",8060
"1528",20210104,"이지스레지던스리츠보통주",4845
"1529",20210104,"이지스밸류플러스리츠보통주",4750
"1530",20210104,"이지웰",10500
"1531",20210104,"이지케어텍",19000
"1532",20210104,"이지홀딩스",4085
"1533",20210104,"이크레더블",23150
"1534",20210217,"이트론",1045
"1535",20210104,"이퓨쳐",8810
"1536",20210104,"이화공영",5420
"1537",20210104,"이화산업보통주",15850
"1538",20210104,"인디에프보통주",1520
"1539",20210104,"인바디",17500
"1540",20210104,"인바이오",16200
"1541",20210104,"인바이오젠보통주",5010
"1542",20210104,"인베니아",2720
"1543",20210104,"인산가",1985
"1544",20210104,"인선이엔티",11450
"1545",20210104,"인성정보",3085
"1546",20210104,"인스코비보통주",2105
"1547",20210104,"인지디스플레이",3535
"1548",20210104,"인지컨트롤스보통주",16900
"1549",20210104,"인천도시가스 보통주",24800
"1550",20210104,"인카금융서비스",9600
"1551",20210104,"인콘",3180
"1552",20210104,"인크로스",53300
"1553",20210104,"인탑스",29600
"1554",20210104,"인터로조",20950
"1555",20210104,"인터엠",1370
"1556",20210104,"인터지스보통주",3370
"1557",20210312,"인터코스",1000
"1558",20210104,"인터파크",2180
"1559",20210104,"인터플렉스",17400
"1560",20210104,"인텍플러스",16100
"1561",20210104,"인텔리안테크놀로지스",51200
"1562",20210104,"인트로메딕",3440
"1563",20210104,"인트론바이오테크놀로지",32200
"1564",20210104,"인팩보통주",6650
"1565",20210104,"인포마크",7500
"1566",20210104,"인포바인",18700
"1567",20210104,"인포뱅크",14450
"1568",20210104,"인프라웨어",2110
"1569",20210104,"인피니트헬스케어",6950
"1570",20210104,"인화정공",7290
"1571",20210104,"일동제약보통주",18900
"1572",20210104,"일동홀딩스보통주",14200
"1573",20210104,"일성건설보통주",1150
"1574",20210104,"일성신약보통주",83200
"1575",20210104,"일신바이오베이스",7820
"1576",20210104,"일신방직보통주",80700
"1577",20210104,"일신석재보통주",1920
"1578",20210104,"일양약품보통주",63400
"1579",20210104,"일정실업보통주",18450
"1580",20210104,"일지테크",4300
"1581",20210104,"일진다이아몬드 보통주",50000
"1582",20210104,"일진디스플레이보통주",6990
"1583",20210104,"일진머티리얼즈보통주",52500
"1584",20210104,"일진전기 보통주",3255
"1585",20210104,"일진파워",5430
"1586",20210104,"일진홀딩스보통주",5710
"1587",20210104,"잇츠한불보통주",25650
"1588",20210104,"잉글우드랩",4970
"1589",20210104,"잉크테크",4405
"1590",20210104,"자비스",2705
"1591",20210104,"자연과 환경",1390
"1592",20210104,"자이글",4150
"1593",20210104,"자이에스앤디보통주",12400
"1594",20210104,"자화전자보통주",22800
"1595",20210104,"장원테크",1440
"1596",20210104,"재영솔루텍",1135
"1597",20210104,"전방보통주",30150
"1598",20210104,"전진바이오팜",11250
"1599",20210104,"정다운",2790
"1600",20210104,"정산애강",1870
"1601",20210104,"정상제이엘에스",6130
"1602",20210104,"정원엔시스",1985
"1603",20210104,"제너셈",4045
"1604",20210104,"제넥신",123600
"1605",20210104,"제넨바이오",3075
"1606",20210104,"제노레이",9890
"1607",20210104,"제노텍",3690
"1608",20210104,"제놀루션",26900
"1609",20210104,"제닉",3650
"1610",20210104,"제로투세븐",8600
"1611",20210104,"제룡산업",5870
"1612",20210104,"제룡전기",5440
"1613",20210104,"제우스",28100
"1614",20210104,"제이더블유신약",5960
"1615",20210104,"제이브이엠",35950
"1616",20210104,"제이스텍",7940
"1617",20210331,"제이시스메디칼",4005
"1618",20210104,"제이씨케미칼",6830
"1619",20210104,"제이씨현시스템",8660
"1620",20210104,"제이알글로벌리츠보통주",5150
"1621",20210104,"제이앤티씨",11450
"1622",20210104,"제이에스코퍼레이션보통주",7480
"1623",20210104,"제이에스티나",2085
"1624",20210104,"제이엔케이히터",8790
"1625",20210104,"제이엘케이",10450
"1626",20210104,"제이엠아이",1160
"1627",20210104,"제이엠티",2880
"1628",20210104,"제이와이피엔터테인먼트",37550
"1629",20210104,"제이준코스메틱보통주",2355
"1630",20210104,"제이콘텐트리보통주",37500
"1631",20210104,"제이티",12000
"1632",20210104,"제이티씨",5350
"1633",20210104,"제일기획보통주",20250
"1634",20210104,"제일바이오",7510
"1635",20210104,"제일약품보통주",62000
"1636",20210104,"제일연마공업보통주",7220
"1637",20210104,"제일전기공업",29000
"1638",20210104,"제일제강공업",2600
"1639",20210104,"제일테크노스",7110
"1640",20210104,"제일파마홀딩스보통주",20800
"1641",20210104,"제주반도체",3740
"1642",20210104,"제주은행보통주",3280
"1643",20210104,"제주항공보통주",18250
"1644",20210104,"제테마",23700
"1645",20210104,"젠큐릭스",16300
"1646",20210104,"젬백스&카엘",24850
"1647",20210104,"젬백스링크",1475
"1648",20210104,"조광아이엘아이",9500
"1649",20210104,"조광페인트보통주",6890
"1650",20210104,"조광피혁보통주",59300
"1651",20210104,"조비보통주",19000
"1652",20210104,"조선내화보통주",81100
"1653",20210104,"조선선재 보통주",106000
"1654",20210104,"조아제약",4950
"1655",20210104,"조이맥스",2895
"1656",20210104,"조이시티",10850
"1657",20210104,"조흥보통주",178500
"1658",20210104,"종근당바이오보통주",76900
"1659",20210104,"종근당보통주",232500
"1660",20210104,"종근당홀딩스보통주",129000
"1661",20210104,"좋은사람들",1425
"1662",20210104,"주성엔지니어링",8180
"1663",20210104,"주식회사 수프로",2095
"1664",20210104,"주식회사 씨이랩",58700
"1665",20210104,"주식회사 에스에이티",9980
"1666",20210104,"주식회사 에스엔피제네틱스",4150
"1667",20210104,"주식회사 옐로페이",2600
"1668",20210104,"주식회사 오스테오닉",3060
"1669",20210104,"주식회사 용평리조트",4275
"1670",20210105,"주식회사 유비온",3695
"1671",20210104,"주식회사 제노포커스",12000
"1672",20210105,"주식회사 코셋",2670
"1673",20210104,"주식회사동남합성",48950
"1674",20210104,"주식회사케이씨씨",199000
"1675",20210104,"주연테크 보통주",1065
"1676",20210104,"줌인터넷",6060
"1677",20210104,"중소기업은행보통주",8620
"1678",20210104,"중앙백신연구소",17300
"1679",20210104,"중앙에너비스",9050
"1680",20210104,"지노믹트리",14600
"1681",20210104,"지놈앤컴퍼니",84700
"1682",20210104,"지누스보통주",100500
"1683",20210104,"지니뮤직",3805
"1684",20210104,"지니언스",6760
"1685",20210104,"지니틱스",2545
"1686",20210104,"지란지교시큐리티",5470
"1687",20210113,"지앤이헬스케어",1850
"1688",20210104,"지어소프트",14150
"1689",20210104,"지에스글로벌보통주",1980
"1690",20210104,"지에스리테일보통주",34400
"1691",20210104,"지에스이",1650
"1692",20210104,"지에스홈쇼핑",138400
"1693",20210104,"지에이치신소재",8050
"1694",20210104,"지엔씨에너지",6340
"1695",20210104,"지엔원에너지",2480
"1696",20210104,"지엔코",1060
"1697",20210104,"지엘팜텍",1520
"1698",20210104,"지엠비코리아보통주",8130
"1699",20210104,"지역난방공사보통주",40500
"1700",20210104,"지오씨",2510
"1701",20210104,"지투알보통주",5560
"1702",20210104,"지트리비앤티",29900
"1703",20210104,"지티지웰니스",5880
"1704",20210104,"진도 보통주",4290
"1705",20210104,"진로발효",30400
"1706",20210104,"진매트릭스",26000
"1707",20210104,"진바이오텍",5620
"1708",20210104,"진성티이씨",12350
"1709",20210104,"진양산업보통주",4980
"1710",20210104,"진양제약",6870
"1711",20210104,"진양폴리우레탄보통주",3825
"1712",20210104,"진양홀딩스보통주",2780
"1713",20210104,"진양화학보통주",5330
"1714",20210104,"진에어보통주",13800
"1715",20210104,"진원생명과학보통주",21750
"1716",20210104,"진코스텍",15350
"1717",20210104,"진흥기업보통주",2605
"1718",20210104,"질경이",1165
"1719",20210104,"차바이오텍",19750
"1720",20210104,"차이나크리스탈신소재홀딩스",1740
"1721",20210104,"참엔지니어링보통주",1470
"1722",20210104,"참좋은여행",9750
"1723",20210104,"창해에탄올",13350
"1724",20210104,"천랩",52800
"1725",20210104,"천보",191700
"1726",20210104,"천일고속보통주",68900
"1727",20210104,"청담러닝",20050
"1728",20210104,"청보산업",9490
"1729",20210104,"체리부로",2265
"1730",20210104,"체시스보통주",1960
"1731",20210104,"초록뱀미디어",2020
"1732",20210104,"칩스앤미디어",13100
"1733",20210104,"카스",2325
"1734",20210104,"카이노스메드",4660
"1735",20210104,"카카오게임즈",46000
"1736",20210104,"카카오보통주",396000
"1737",20210104,"카페24",63400
"1738",20210104,"카프로보통주",3895
"1739",20210104,"캐리소프트",4965
"1740",20210104,"캐스텍코리아",3520
"1741",20210104,"캠시스",2870
"1742",20210104,"컬러레이홀딩스",1970
"1743",20210104,"컴투스",160700
"1744",20210104,"컴퍼니케이파트너스",6720
"1745",20210104,"케어랩스",8750
"1746",20210105,"케어룸의료산업",13750
"1747",20210104,"케어젠",73100
"1748",20210104,"케이디켐",13600
"1749",20210104,"케이맥",2405
"1750",20210104,"케이비아이메탈",1815
"1751",20210104,"케이비제17호기업인수목적",2080
"1752",20210104,"케이비제18호기업인수목적",2030
"1753",20210104,"케이비제19호기업인수목적",2040
"1754",20210104,"케이비제20호기업인수목적",2030
"1755",20210104,"케이사인",1570
"1756",20210104,"케이씨그린홀딩스보통주",5230
"1757",20210104,"케이씨보통주",27650
"1758",20210104,"케이씨산업",2590
"1759",20210104,"케이씨씨건설",8800
"1760",20210104,"케이씨씨글라스보통주",36450
"1761",20210104,"케이씨아이",9990
"1762",20210104,"케이씨에스",6110
"1763",20210104,"케이씨코트렐보통주",11350
"1764",20210104,"케이씨텍보통주",31100
"1765",20210104,"케이씨티",5350
"1766",20210104,"케이씨피드",2400
"1767",20210104,"케이아이엔엑스",72100
"1768",20210104,"케이에스에스 해운 보통주",10500
"1769",20210104,"케이에스피",1525
"1770",20210104,"케이에이치바텍",20100
"1771",20210104,"케이엔더블유",6830
"1772",20210104,"케이엔엔",2385
"1773",20210104,"케이엔제이",14950
"1774",20210104,"케이엘넷",2785
"1775",20210104,"케이엠",12800
"1776",20210104,"케이엠더블유",81800
"1777",20210104,"케이엠에이치",17250
"1778",20210104,"케이엠에이치하이텍",1630
"1779",20210104,"케이엠제약",2940
"1780",20210104,"케이이씨 보통주",3010
"1781",20210104,"케이지모빌리언스",10400
"1782",20210104,"케이지이니시스",19800
"1783",20210104,"케이지이티에스",6720
"1784",20210104,"케이탑리츠보통주",1145
"1785",20210104,"케이티보통주",23800
"1786",20210104,"케이티비투자증권보통주",3230
"1787",20210104,"케이티서브마린",5320
"1788",20210104,"케이티스카이라이프",8700
"1789",20210104,"케이티씨에스보통주",2225
"1790",20210104,"케이티아이에스보통주",2605
"1791",20210104,"케이티앤지보통주",82100
"1792",20210104,"케이티하이텔",5740
"1793",20210104,"케이프",5280
"1794",20210104,"케이프이에스제4호기업인수목적",2055
"1795",20210104,"케이피에스",20200
"1796",20210104,"케이피에프",5300
"1797",20210104,"케이피엑스라이프사이언스",12100
"1798",20210104,"케이피엠테크",3025
"1799",20210104,"케이피티유",5950
"1800",20210104,"켄코아에어로스페이스",8200
"1801",20210104,"켐온",4715
"1802",20210104,"켐트로닉스",29550
"1803",20210104,"켐트로스",7700
"1804",20210104,"코나아이",27000
"1805",20210104,"코닉글로리",2595
"1806",20210104,"코다코",1310
"1807",20210104,"코데즈컴바인",2560
"1808",20210104,"코드네이처",2215
"1809",20210104,"코디",1815
"1810",20210104,"코람코에너지플러스리츠보통주",4795
"1811",20210105,"코렌",1005
"1812",20210104,"코렌텍",17950
"1813",20210104,"코리아나화장품",4875
"1814",20210104,"코리아센터",8020
"1815",20210104,"코리아써키트보통주",15100
"1816",20210104,"코리아에셋투자증권",7500
"1817",20210104,"코리아에스이",1210
"1818",20210104,"코리아에프티",3095
"1819",20210104,"코리안리재보험보통주",7760
"1820",20210104,"코맥스",5990
"1821",20210104,"코메론",8920
"1822",20210104,"코미코",50600
"1823",20210104,"코미팜",13150
"1824",20210104,"코세스",9230
"1825",20210104,"코스나인",1700
"1826",20210104,"코스맥스보통주",98600
"1827",20210104,"코스맥스비티아이 주식회사 보통주",17600
"1828",20210104,"코스맥스엔비티",8540
"1829",20210104,"코스메카코리아",12300
"1830",20210104,"코스모신소재보통주",21500
"1831",20210104,"코스모화학보통주",12650
"1832",20210104,"코스온",4620
"1833",20210104,"코아스보통주",1120
"1834",20210104,"코아스템",24200
"1835",20210104,"코아시아",9870
"1836",20210104,"코엔텍",9330
"1837",20210104,"코오롱글로벌보통주",19000
"1838",20210104,"코오롱머티리얼보통주",3440
"1839",20210104,"코오롱보통주",21650
"1840",20210104,"코오롱생명과학",29500
"1841",20210104,"코오롱인더스트리보통주",41350
"1842",20210104,"코오롱플라스틱보통주",4620
"1843",20210104,"코웨이보통주",73200
"1844",20210104,"코웰패션",5610
"1845",20210104,"코위버",10100
"1846",20210104,"코윈테크",24150
"1847",20210104,"코이즈",1425
"1848",20210104,"코콤",6930
"1849",20210104,"코텍",9000
"1850",20210104,"코퍼스코리아",2445
"1851",20210104,"코프라",4430
"1852",20210104,"콜마비앤에이치",51200
"1853",20210104,"콤텍시스템보통주",1545
"1854",20210104,"쿠쿠홀딩스보통주",98300
"1855",20210104,"쿠쿠홈시스보통주",39000
"1856",20210104,"퀀타매트릭스",29100
"1857",20210104,"큐렉소",6610
"1858",20210104,"큐로컴",1990
"1859",20210104,"큐리언트",34000
"1860",20210104,"큐브앤컴퍼니",1410
"1861",20210104,"큐브엔터테인먼트",3900
"1862",20210104,"큐에스아이",17750
"1863",20210104,"큐엠씨",5090
"1864",20210104,"크라운제과보통주",8800
"1865",20210104,"크라운해태홀딩스보통주",8730
"1866",20210104,"크로넥스",5960
"1867",20210104,"크루셜텍",1400
"1868",20210104,"크리스에프앤씨",25850
"1869",20210104,"크리스탈지노믹스",18200
"1870",20210104,"크린앤사이언스",29300
"1871",20210113,"클라우드에어",1900
"1872",20210104,"클래시스",15950
"1873",20210104,"클리노믹스",18650
"1874",20210104,"클리오",17750
"1875",20210104,"키네마스터",28600
"1876",20210104,"키다리스튜디오보통주",10450
"1877",20210104,"키움제5호기업인수목적",2060
"1878",20210104,"키움증권보통주",134500
"1879",20210104,"키이스트",11300
"1880",20210104,"타이거일렉",14850
"1881",20210104,"탑선",11150
"1882",20210104,"탑엔지니어링",10500
"1883",20210104,"태경비케이보통주",4015
"1884",20210104,"태경산업보통주",5930
"1885",20210104,"태경케미컬보통주",14150
"1886",20210104,"태광",7930
"1887",20210104,"태광산업보통주",802000
"1888",20210104,"태림포장보통주",5680
"1889",20210104,"태양",8380
"1890",20210104,"태양금속공업보통주",1140
"1891",20210104,"태영건설보통주",12200
"1892",20210104,"태웅",15650
"1893",20210104,"태웅로직스",5210
"1894",20210104,"태원물산보통주",4065
"1895",20210104,"태평양물산보통주",1985
"1896",20210104,"테고사이언스",29650
"1897",20210104,"테라사이언스",2225
"1898",20210104,"테라셈",2530
"1899",20210104,"테라젠이텍스",10100
"1900",20210104,"테스",29550
"1901",20210104,"테스나",56800
"1902",20210104,"테이팩스보통주",38550
"1903",20210104,"테크엔",1870
"1904",20210104,"테크윙",23850
"1905",20210104,"테크트랜스",1600
"1906",20210104,"텔레칩스",14150
"1907",20210104,"텔레필드",3195
"1908",20210104,"텔코웨어 보통주",12100
"1909",20210104,"텔콘알에프제약",6060
"1910",20210104,"토니모리보통주",8770
"1911",20210104,"토박스코리아",1165
"1912",20210104,"토비스",7730
"1913",20210104,"토탈소프트뱅크",8200
"1914",20210104,"톱텍",12650
"1915",20210104,"투비소프트",2865
"1916",20210104,"툴젠",119900
"1917",20210104,"트루윈",4870
"1918",20210104,"특수건설",7190
"1919",20210104,"티라유텍",13300
"1920",20210104,"티로보틱스",7320
"1921",20210104,"티비씨",1135
"1922",20210104,"티사이언티픽",3810
"1923",20210104,"티씨케이",124500
"1924",20210104,"티앤알바이오팹",17000
"1925",20210104,"티앤엘",42400
"1926",20210104,"티에스아이",13050
"1927",20210104,"티에스이",61800
"1928",20210104,"티에스인베스트먼트",3570
"1929",20210104,"티에스트릴리온",2780
"1930",20210104,"티에이치엔보통주",2735
"1931",20210104,"티엘비",53200
"1932",20210104,"티엘아이",9340
"1933",20210104,"티와이홀딩스보통주",27800
"1934",20210104,"티움바이오",26100
"1935",20210104,"티웨이항공보통주",2475
"1936",20210104,"티웨이홀딩스보통주",1035
"1937",20210104,"티제이미디어",3080
"1938",20210104,"티케이씨",6420
"1939",20210104,"티케이케미칼",2600
"1940",20210104,"티플랙스",3165
"1941",20210104,"티피씨",3015
"1942",20210104,"티피씨메카트로닉스",4090
"1943",20210104,"틸론",8060
"1944",20210104,"팅크웨어",13050
"1945",20210104,"파나진",4705
"1946",20210104,"파라다이스",15200
"1947",20210104,"파라텍",14000
"1948",20210104,"파루",2730
"1949",20210104,"파마리서치바이오",14850
"1950",20210104,"파마리서치프로덕트",57200
"1951",20210104,"파멥신",20850
"1952",20210104,"파미셀보통주",17050
"1953",20210104,"파버나인",5350
"1954",20210104,"파세코",13550
"1955",20210104,"파수",8080
"1956",20210104,"파워넷",5990
"1957",20210104,"파워로직스",9300
"1958",20210107,"파워풀엑스",1000
"1959",20210104,"파이오링크",13650
"1960",20210104,"파인디앤씨",1735
"1961",20210104,"파인디지털",7180
"1962",20210104,"파인이엠텍",3715
"1963",20210104,"파인테크닉스",4745
"1964",20210104,"파인텍",1665
"1965",20210104,"파커스",2850
"1966",20210104,"파크시스템스",97100
"1967",20210104,"파트론",11300
"1968",20210319,"판도라티비",1035
"1969",20210104,"팜스빌",10900
"1970",20210104,"팜스코보통주",5750
"1971",20210104,"팜스토리",1200
"1972",20210104,"패션플랫폼",1360
"1973",20210322,"팬스타엔터프라이즈",1050
"1974",20210104,"팬엔터테인먼트",6530
"1975",20210104,"팬오션보통주",5370
"1976",20210104,"팬젠",10550
"1977",20210104,"퍼스텍보통주",2150
"1978",20210104,"퍼시스보통주",29050
"1979",20210104,"펄어비스",252000
"1980",20210104,"펌텍코리아",15250
"1981",20210104,"페이퍼코리아보통주",2430
"1982",20210104,"펨토바이오메드",17500
"1983",20210104,"펩트론",16350
"1984",20210104,"평화산업 주식회사 보통주",1215
"1985",20210104,"평화정공",9650
"1986",20210104,"평화홀딩스보통주",3510
"1987",20210104,"포메탈",4170
"1988",20210104,"포스코강판보통주",17550
"1989",20210104,"포스코보통주",273000
"1990",20210104,"포스코아이씨티",8580
"1991",20210104,"포스코인터내셔널보통주",14550
"1992",20210104,"포스코케미칼보통주",118000
"1993",20210104,"포시에스",7800
"1994",20210104,"포인트모바일",55300
"1995",20210104,"포인트엔지니어링",2820
"1996",20210125,"폭스소프트",20300
"1997",20210104,"푸드나무",25100
"1998",20210104,"푸드웰",7050
"1999",20210104,"푸른기술",12350
"2000",20210104,"푸른상호저축은행",8180
"2001",20210104,"풀무원보통주",17550
"2002",20210104,"풍강",4290
"2003",20210104,"풍국주정공업",21450
"2004",20210104,"풍산 보통주",28200
"2005",20210104,"풍산홀딩스보통주",27950
"2006",20210104,"퓨쳐스트림네트웍스",1050
"2007",20210104,"퓨쳐켐",25400
"2008",20210104,"프럼파스트",4640
"2009",20210104,"프로스테믹스",4490
"2010",20210104,"프로테옴텍",11450
"2011",20210104,"프로텍",27350
"2012",20210104,"프리시젼바이오",34200
"2013",20210104,"프리엠스",19000
"2014",20210104,"플랜티넷",6610
"2015",20210104,"플럼라인생명과학",8160
"2016",20210104,"플레이디",8220
"2017",20210104,"플레이위드",9080
"2018",20210104,"플리토",12600
"2019",20210104,"피노텍",4000
"2020",20210104,"피델릭스",1365
"2021",20210104,"피씨디렉트",11100
"2022",20210104,"피씨엘",35650
"2023",20210104,"피아이첨단소재",37050
"2024",20210104,"피앤씨테크",5980
"2025",20210104,"피앤이솔루션",22450
"2026",20210104,"피에스엠씨",1390
"2027",20210104,"피에스케이",40300
"2028",20210104,"피에스케이홀딩스",8470
"2029",20210104,"피에스텍",4820
"2030",20210104,"피엔에이치테크",26650
"2031",20210104,"피엔케이피부임상연구센타",22800
"2032",20210104,"피엔티",25450
"2033",20210104,"피엔풍년",4105
"2034",20210104,"피제이메탈",2255
"2035",20210104,"피제이전자",6720
"2036",20210104,"피플바이오",55100
"2037",20210104,"피피아이",6750
"2038",20210104,"픽셀플러스",7530
"2039",20210104,"필로시스헬스케어",1980
"2040",20210104,"필룩스보통주",4020
"2041",20210104,"필옵틱스",15950
"2042",20210104,"핌스",16100
"2043",20210104,"하나금융14호기업인수목적",2085
"2044",20210104,"하나금융15호기업인수목적",2075
"2045",20210104,"하나금융16호기업인수목적",2085
"2046",20210104,"하나금융지주보통주",33450
"2047",20210104,"하나기술",149000
"2048",20210104,"하나마이크론",11550
"2049",20210104,"하나머스트제6호기업인수목적",2155
"2050",20210104,"하나머티리얼즈",30600
"2051",20210104,"하나제약보통주",25050
"2052",20210104,"하나투어보통주",57500
"2053",20210104,"하림",2855
"2054",20210104,"하림지주",9190
"2055",20210104,"하이골드오션12호국제선박투자회사",1945
"2056",20210104,"하이골드오션3호선박투자회사",1225
"2057",20210104,"하이로닉",5240
"2058",20210104,"하이록코리아",13450
"2059",20210104,"하이비젼시스템",14900
"2060",20210104,"하이스틸 보통주",19450
"2061",20210104,"하이제5호기업인수목적",2080
"2062",20210104,"하이즈항공",5150
"2063",20210104,"하이텍팜",19000
"2064",20210104,"하이트론씨스템즈보통주",4755
"2065",20210104,"하이트진로보통주",32000
"2066",20210104,"하이트진로홀딩스보통주",14950
"2067",20210104,"하츠",8340
"2068",20210104,"한국가구",4485
"2069",20210104,"한국가스공사보통주",30800
"2070",20210104,"한국경제티브이",5780
"2071",20210104,"한국공항보통주",38700
"2072",20210104,"한국기업평가",97400
"2073",20210104,"한국내화보통주",4240
"2074",20210104,"한국단자공업보통주",65600
"2075",20210104,"한국맥널티",6290
"2076",20210104,"한국바이오젠",8390
"2077",20210104,"한국비엔씨",4550
"2078",20210104,"한국석유공업보통주",102000
"2079",20210104,"한국선재",3450
"2080",20210104,"한국수출포장공업보통주",21700
"2081",20210104,"한국쉘석유보통주",248500
"2082",20210104,"한국아트라스비엑스",56200
"2083",20210104,"한국알콜산업",13000
"2084",20210118,"한국앤컴퍼니보통주",14850
"2085",20210104,"한국유나이티드제약 보통주",68800
"2086",20210104,"한국유니온제약",17950
"2087",20210104,"한국자산신탁보통주",3850
"2088",20210104,"한국전력공사보통주",26900
"2089",20210104,"한국전력기술 보통주",18100
"2090",20210104,"한국전자금융",5660
"2091",20210104,"한국전자인증",6380
"2092",20210215,"한국전자홀딩스보통주",1205
"2093",20210104,"한국전파기지국",4495
"2094",20210104,"한국정밀기계",1610
"2095",20210104,"한국정보공학",4110
"2096",20210104,"한국정보인증",8180
"2097",20210104,"한국정보통신",9220
"2098",20210104,"한국제7호기업인수목적",2040
"2099",20210104,"한국제8호기업인수목적",2085
"2100",20210104,"한국조선해양보통주",110000
"2101",20210104,"한국종합기술보통주",4885
"2102",20210104,"한국주강보통주",1555
"2103",20210104,"한국주철관공업보통주",8300
"2104",20210104,"한국철강보통주",6560
"2105",20210104,"한국카본보통주",14250
"2106",20210104,"한국컴퓨터",2930
"2107",20210104,"한국콜마보통주",51000
"2108",20210104,"한국콜마홀딩스보통주",26150
"2109",20210104,"한국큐빅",4140
"2110",20210104,"한국타이어앤테크놀로지보통주",37400
"2111",20210104,"한국테크놀로지",1075
"2112",20210104,"한국테크놀로지그룹보통주",14400
"2113",20210104,"한국토지신탁보통주",2045
"2114",20210104,"한국투자ANKOR유전해외자원개발특별자산투자회사1호(지분증권)",1635
"2115",20210104,"한국투자Parallel유전해외자원개발특별자산투자회사1호",1895
"2116",20210104,"한국투자금융지주보통주",82300
"2117",20210104,"한국특수형강보통주",1920
"2118",20210104,"한국파마",21800
"2119",20210104,"한국팩키지",6250
"2120",20210104,"한국프랜지공업보통주",3795
"2121",20210104,"한국항공우주산업보통주",26900
"2122",20210104,"한국화장품보통주",12600
"2123",20210104,"한국화장품제조보통주",37000
"2124",20210104,"한글과컴퓨터",18550
"2125",20210104,"한네트",6530
"2126",20210104,"한농화성보통주",9900
"2127",20210104,"한독보통주",32800
"2128",20210104,"한독크린텍",25250
"2129",20210104,"한라보통주",4900
"2130",20210104,"한라아이엠에스",6450
"2131",20210104,"한라홀딩스보통주",38800
"2132",20210104,"한미글로벌건축사사무소보통주",10350
"2133",20210104,"한미반도체보통주",18250
"2134",20210104,"한미사이언스보통주",76000
"2135",20210104,"한미약품보통주",357000
"2136",20210104,"한빛소프트",3400
"2137",20210104,"한샘보통주",105500
"2138",20210104,"한섬보통주",30550
"2139",20210104,"한성기업보통주",8250
"2140",20210104,"한세실업보통주",16750
"2141",20210104,"한세엠케이보통주",3330
"2142",20210104,"한세예스24홀딩스보통주",7760
"2143",20210104,"한솔PNS보통주",1770
"2144",20210104,"한솔로지스틱스보통주",2305
"2145",20210104,"한솔인티큐브",2830
"2146",20210104,"한솔제지보통주",13750
"2147",20210104,"한솔케미칼보통주",197000
"2148",20210104,"한솔테크닉스보통주",10250
"2149",20210104,"한솔홀딩스보통주",3665
"2150",20210104,"한솔홈데코보통주",2210
"2151",20210104,"한송네오텍",1720
"2152",20210104,"한스바이오메드",13100
"2153",20210104,"한신공영보통주",17450
"2154",20210104,"한신기계공업보통주",1630
"2155",20210104,"한양디지텍",5510
"2156",20210104,"한양이엔지",16950
"2157",20210104,"한양증권보통주",9140
"2158",20210104,"한온시스템보통주",16500
"2159",20210104,"한올바이오파마보통주",37550
"2160",20210104,"한익스프레스보통주",6810
"2161",20210104,"한일네트웍스",4910
"2162",20210104,"한일단조공업",1930
"2163",20210104,"한일사료",1785
"2164",20210104,"한일시멘트보통주",106000
"2165",20210104,"한일진공",1205
"2166",20210104,"한일철강보통주",1875
"2167",20210104,"한일현대시멘트보통주",29550
"2168",20210104,"한일홀딩스보통주",10550
"2169",20210104,"한일화학공업",10550
"2170",20210104,"한전KPS 보통주",29200
"2171",20210104,"한전산업개발보통주",4650
"2172",20210106,"한중엔시에스",5000
"2173",20210104,"한진보통주",47500
"2174",20210104,"한진중공업 보통주",7400
"2175",20210104,"한진중공업홀딩스보통주",4225
"2176",20210104,"한진칼보통주",62300
"2177",20210104,"한창보통주",1405
"2178",20210104,"한창산업",7550
"2179",20210104,"한창제지보통주",2400
"2180",20210104,"한컴MDS",14700
"2181",20210104,"한컴위드",6350
"2182",20210104,"한탑",2580
"2183",20210104,"한화보통주",29350
"2184",20210104,"한화생명보험보통주",2340
"2185",20210104,"한화손해보험보통주",3500
"2186",20210104,"한화솔루션보통주",49200
"2187",20210104,"한화시스템보통주",17450
"2188",20210104,"한화에스비아이기업인수목적",2535
"2189",20210104,"한화에어로스페이스보통주",29800
"2190",20210104,"한화투자증권보통주",2230
"2191",20210104,"한화플러스제1호기업인수목적",2030
"2192",20210104,"해마로푸드서비스",3705
"2193",20210104,"해성디에스보통주",24750
"2194",20210104,"해성산업",12050
"2195",20210104,"해성옵틱스",1760
"2196",20210104,"해태제과식품주식회사",8110
"2197",20210104,"핸디소프트",3060
"2198",20210104,"핸즈코퍼레이션보통주",8360
"2199",20210104,"헬릭스미스",31700
"2200",20210104,"현대건설기계보통주",32850
"2201",20210104,"현대건설보통주",38250
"2202",20210104,"현대공업",9780
"2203",20210104,"현대그린푸드보통주",8760
"2204",20210104,"현대글로비스보통주",190000
"2205",20210104,"현대로템보통주",19650
"2206",20210104,"현대리바트보통주",16000
"2207",20210104,"현대모비스보통주",287000
"2208",20210312,"현대무벡스",5200
"2209",20210104,"현대미포조선보통주",48250
"2210",20210104,"현대바이오랜드",24300
"2211",20210104,"현대바이오사이언스",29700
"2212",20210104,"현대백화점보통주",72000
"2213",20210104,"현대비앤지스틸보통주",10050
"2214",20210104,"현대사료",13250
"2215",20210104,"현대약품보통주",8150
"2216",20210104,"현대에너지솔루션보통주",40250
"2217",20210104,"현대엘리베이터보통주",40900
"2218",20210104,"현대오토에버보통주",138500
"2219",20210104,"현대위아보통주",69500
"2220",20210104,"현대일렉트릭보통주",16400
"2221",20210104,"현대자동차보통주",207500
"2222",20210104,"현대제철 보통주",41200
"2223",20210104,"현대종합상사보통주",16050
"2224",20210104,"현대중공업지주보통주",276500
"2225",20210104,"현대차증권보통주",12300
"2226",20210104,"현대코퍼레이션홀딩스보통주",11250
"2227",20210104,"현대통신",8240
"2228",20210104,"현대퓨처넷보통주",3980
"2229",20210104,"현대해상화재보험보통주",22400
"2230",20210104,"현대홈쇼핑보통주",79500
"2231",20210104,"현우산업",4630
"2232",20210104,"형지아이앤씨",1195
"2233",20210104,"형지엘리트보통주",3520
"2234",20210104,"혜인보통주",5210
"2235",20210104,"호전실업보통주",9150
"2236",20210104,"호텔신라보통주",82600
"2237",20210104,"홈센타홀딩스",1110
"2238",20210104,"홈캐스트",2940
"2239",20210104,"화성밸브",5900
"2240",20210104,"화성산업보통주",12350
"2241",20210104,"화승알앤에이보통주",2350
"2242",20210104,"화승엔터프라이즈보통주",14000
"2243",20210104,"화승인더스트리보통주",7050
"2244",20210315,"화승코퍼레이션보통주",2175
"2245",20210104,"화신보통주",3675
"2246",20210104,"화신정공",1850
"2247",20210104,"화인베스틸보통주",2715
"2248",20210104,"화일약품",12450
"2249",20210104,"화천기계보통주",2640
"2250",20210104,"화천기공보통주",32150
"2251",20210104,"환인제약보통주",16550
"2252",20210104,"황금에스티보통주",8030
"2253",20210104,"효성보통주",75400
"2254",20210104,"효성아이티엑스 보통주",22800
"2255",20210104,"효성오앤비",7740
"2256",20210104,"효성중공업보통주",63600
"2257",20210104,"효성첨단소재보통주",151000
"2258",20210104,"효성티앤씨보통주",213000
"2259",20210104,"효성화학보통주",159500
"2260",20210104,"후성 보통주",12350
"2261",20210104,"휘닉스소재",1240
"2262",20210104,"휠라홀딩스보통주",42850
"2263",20210104,"휴네시온",5610
"2264",20210104,"휴니드테크놀러지스보통주",5820
"2265",20210104,"휴럼",13000
"2266",20210104,"휴림로봇",1675
"2267",20210104,"휴마시스",9050
"2268",20210104,"휴맥스",5880
"2269",20210104,"휴맥스홀딩스",4530
"2270",20210205,"휴먼엔",13950
"2271",20210104,"휴메딕스",23600
"2272",20210104,"휴벡셀",4640
"2273",20210104,"휴비스보통주",8170
"2274",20210104,"휴비츠",7500
"2275",20210104,"휴스틸보통주",7300
"2276",20210104,"휴온스",59800
"2277",20210104,"휴온스글로벌",29100
"2278",20210104,"휴젤",190000
"2279",20210104,"휴켐스보통주",26600
"2280",20210104,"흥구석유",7320
"2281",20210104,"흥국",5830
"2282",20210104,"흥국에프엔비",2005
"2283",20210104,"흥국화재해상보험보통주",2790
"2284",20210104,"희림종합건축사사무소",3940
"2285",20210104,"힘스",13050
